Age,Attrition,DistanceFromHome,Education,EmployeeNumber,EnvironmentSatisfaction,JobInvolvement,JobLevel,JobSatisfaction,MonthlyIncome,NumCompaniesWorked,PercentSalaryHike,PerformanceRating,RelationshipSatisfaction,StandardHours,StockOptionLevel,TotalWorkingYears,TrainingTimesLastYear,WorkLifeBalance,YearsAtCompany,YearsInCurrentRole,YearsSinceLastPromotion,YearsWithCurrManager,BusinessTravel,Department,EducationField,Gender,JobRole,MaritalStatus,Over18,OverTime,AgeDistance,AgeEnvir,JobRoleLevel,OverPer,InvolvementPer,StockYear
7,0,1,4,77,1,2,2,3,5993,1,18,3,3,80,1,7,2,4,7,5,0,7,1,1,1,1,1,1,1,1,701,71,12,13,23,17
10,0,1,4,1245,4,3,3,3,10502,7,17,3,1,80,1,33,2,1,5,4,1,4,2,1,1,2,1,1,1,1,1001,104,13,13,33,15
6,1,7,3,147,1,1,2,3,6074,1,24,4,4,80,0,9,3,3,9,7,0,6,2,1,1,1,2,2,1,2,607,61,22,24,14,9
7,0,1,1,1026,4,2,4,4,12742,1,16,3,3,80,1,21,3,3,21,6,11,8,1,1,1,2,1,3,1,1,701,74,14,13,23,31
5,1,1,3,1111,1,2,1,2,2596,1,15,3,1,80,2,1,2,3,1,0,0,0,2,1,2,1,2,1,1,1,501,51,21,13,23,21
4,0,4,1,1445,4,3,2,3,4162,1,12,3,3,80,2,5,3,3,5,4,0,3,1,2,2,2,3,3,1,2,404,44,32,23,33,25
5,0,9,5,455,2,2,1,4,3983,0,17,3,3,80,0,4,2,3,3,2,2,2,1,1,3,1,2,2,1,1,509,52,21,13,23,3
7,0,2,2,513,2,2,3,3,7596,1,13,3,2,80,2,10,2,3,10,9,9,0,1,2,2,1,3,3,1,1,702,72,33,13,23,30
6,0,4,4,305,3,2,1,2,2622,6,21,4,4,80,0,7,3,3,3,2,1,1,1,1,2,2,4,3,1,1,604,63,41,14,24,3
6,0,2,4,1383,3,3,2,4,6687,1,11,3,4,80,0,14,2,4,14,11,4,11,1,1,4,2,5,2,1,1,602,63,52,13,33,14
4,1,22,1,1714,4,1,1,3,1555,1,11,3,3,80,1,1,2,3,1,0,0,0,1,3,5,1,6,3,1,1,422,44,61,13,13,11
7,0,10,4,1587,1,3,2,3,6142,3,16,3,3,80,0,10,4,3,5,2,0,4,1,1,2,2,5,2,1,2,710,71,52,23,33,5
6,1,3,3,297,4,3,1,1,2657,5,11,3,3,80,0,8,5,3,5,2,0,4,1,1,4,2,4,2,1,2,603,64,41,23,33,5
10,0,8,4,578,3,3,2,3,3780,7,11,3,3,80,0,19,3,3,1,0,0,0,1,1,1,2,2,2,1,1,1008,103,22,13,33,1
6,0,1,3,1447,4,2,1,2,3294,5,17,3,1,80,1,7,2,2,5,4,0,2,1,1,1,2,2,3,1,1,601,64,21,13,23,15
9,0,2,4,925,4,2,1,4,3294,1,18,3,1,80,0,3,3,2,3,2,1,2,1,2,1,2,7,2,1,2,902,94,71,23,23,3
7,0,15,4,2036,4,1,2,4,5406,1,24,4,1,80,1,15,4,2,15,12,11,11,3,2,6,1,3,1,1,1,715,74,32,14,14,25
7,0,1,4,1172,4,2,1,3,2258,6,12,3,2,80,1,10,2,3,8,0,1,7,1,1,2,1,2,3,1,1,701,74,21,13,23,18
5,0,19,3,1497,3,2,2,3,8620,1,14,3,3,80,2,10,3,3,10,7,0,4,1,2,1,1,3,1,1,1,519,53,32,13,23,30
11,1,14,4,161,2,3,1,2,4963,9,18,3,1,80,3,7,2,3,5,4,4,3,1,1,1,2,4,3,1,2,1114,112,41,23,33,35
9,0,10,2,544,1,3,1,4,2654,3,21,4,4,80,2,8,3,2,2,2,0,2,1,1,1,1,4,3,1,1,910,91,41,14,34,22
9,0,1,4,288,4,3,3,1,9396,7,16,3,3,80,1,17,3,3,4,2,0,3,1,1,2,1,5,1,1,1,901,94,53,13,33,14
7,0,10,1,1800,3,3,3,3,13464,7,21,4,3,80,0,9,3,3,4,3,2,2,1,1,2,1,8,2,1,1,710,73,83,14,34,4
10,0,3,4,776,3,2,4,1,16856,1,11,3,1,80,0,34,3,4,34,6,1,16,1,2,6,1,9,3,1,1,1003,103,94,13,23,34
6,0,1,3,951,3,2,1,2,2332,6,20,4,3,80,0,5,3,3,3,0,0,2,3,1,1,2,2,3,1,1,601,63,21,14,24,3
9,0,18,1,624,1,3,3,3,10527,5,11,3,4,80,0,28,3,2,2,2,1,2,2,1,2,2,5,3,1,1,918,91,53,13,33,2
5,0,17,2,536,3,3,2,1,4558,1,12,3,4,80,1,10,2,3,10,0,1,8,1,1,2,1,2,1,1,1,517,53,22,13,33,20
5,0,23,2,824,3,4,1,3,2700,1,24,4,3,80,1,10,3,3,10,7,0,7,1,1,1,1,4,3,1,1,523,53,41,14,44,20
7,0,24,1,2056,2,2,4,4,12031,0,11,3,1,80,1,21,2,2,20,9,9,6,1,2,6,2,3,3,1,1,724,72,34,13,23,30
6,0,9,3,1238,1,3,1,4,2781,0,13,3,2,80,1,15,5,3,14,10,4,10,1,1,2,1,4,3,1,1,609,61,41,13,33,24
7,0,3,3,307,1,3,3,3,10609,0,12,3,3,80,2,17,6,2,16,10,5,13,1,2,1,1,3,1,1,1,703,71,33,13,33,36
5,0,5,2,1850,4,3,1,4,2379,0,14,3,3,80,0,6,3,2,5,4,0,2,2,1,1,2,2,2,1,2,505,54,21,23,33,5
3,1,1,1,235,3,1,1,1,2325,0,21,4,1,80,0,1,5,4,0,0,0,0,2,2,4,2,7,2,1,1,301,33,71,14,14,0
10,0,17,3,1013,3,3,3,3,10739,8,11,3,3,80,1,22,2,3,10,7,0,8,1,1,4,2,1,3,1,1,1017,103,13,13,33,20
10,0,23,4,901,4,3,4,4,14275,6,18,3,3,80,0,33,0,3,12,9,3,8,1,1,1,2,8,2,1,1,1023,104,84,13,33,12
6,0,8,1,1044,2,2,1,4,2342,0,19,3,4,80,0,3,2,2,2,2,2,2,3,2,1,2,7,2,1,1,608,62,71,13,23,2
5,0,2,3,366,1,2,2,2,6644,2,19,3,2,80,2,10,2,3,0,0,0,0,1,2,2,1,3,3,1,1,502,51,32,13,23,20
6,1,3,3,702,1,3,1,1,3348,1,11,3,1,80,0,10,3,3,10,8,9,7,2,1,1,1,4,2,1,2,603,61,41,23,33,10
8,0,29,3,836,2,3,2,2,4434,1,13,3,4,80,1,10,3,2,9,8,7,8,1,1,1,1,1,3,1,1,829,82,12,13,33,19
6,0,10,4,1597,4,2,2,3,5063,1,14,3,2,80,1,8,3,2,8,2,7,7,2,1,4,1,5,3,1,1,610,64,52,13,23,18
8,0,5,2,1029,4,3,5,3,18303,6,13,3,2,80,0,21,3,4,1,0,0,0,1,2,6,1,9,3,1,1,805,84,95,13,33,1
5,0,1,3,476,3,3,2,3,5296,1,17,3,2,80,1,8,3,3,8,7,7,7,1,2,1,1,3,3,1,1,501,53,32,13,33,18
11,0,1,4,1424,2,4,4,4,14732,2,13,3,4,80,2,31,4,4,7,7,0,0,1,1,2,1,8,1,1,1,1101,112,84,13,43,27
10,1,1,4,2044,2,3,2,3,6728,7,12,3,4,80,2,12,3,3,6,3,0,1,2,2,1,1,3,1,1,1,1001,102,32,13,33,26
7,0,7,4,1885,4,3,2,1,4284,5,22,4,3,80,1,16,2,3,5,3,0,4,1,1,2,1,4,3,1,2,707,74,42,24,34,15
9,0,26,3,1612,1,2,2,1,4385,1,15,3,1,80,1,10,2,3,10,7,4,5,3,2,6,1,3,3,1,1,926,91,32,13,23,20
8,0,15,3,754,4,2,2,4,6804,3,18,3,3,80,1,7,5,3,2,2,2,2,2,2,1,1,3,3,1,1,815,84,32,13,23,12
7,1,5,3,42,4,3,2,4,2086,3,14,3,3,80,1,19,6,4,1,0,0,0,1,2,4,1,7,3,1,1,705,74,72,13,33,11
7,0,2,2,1125,4,3,3,2,7351,7,16,3,3,80,0,10,2,3,1,0,0,0,1,2,6,1,3,2,1,1,702,74,33,13,33,1
6,0,1,4,95,3,3,1,2,2501,1,17,3,2,80,0,1,4,3,1,1,1,0,1,1,2,1,4,2,1,1,601,63,41,13,33,1
10,0,1,3,353,3,3,1,4,2723,1,11,3,2,80,0,1,0,2,1,0,0,0,1,1,1,1,4,3,1,1,1001,103,41,13,33,1
7,0,1,3,1237,3,1,3,1,10252,2,21,4,3,80,1,17,2,3,7,7,7,7,1,1,4,2,1,1,1,2,701,73,13,24,14,17
7,0,6,1,2062,4,2,3,1,9991,4,15,3,1,80,1,9,5,3,7,7,1,7,1,1,2,1,5,3,1,1,706,74,53,13,23,17
6,0,24,4,772,1,3,2,4,5309,1,15,3,4,80,2,10,2,3,10,8,4,7,2,1,1,1,2,3,1,1,624,61,22,13,33,30
5,0,8,3,1647,2,4,1,3,3517,7,17,3,1,80,0,5,0,3,3,2,0,2,1,1,2,2,4,3,1,1,508,52,41,13,43,3
7,0,9,3,2022,4,3,5,4,19431,2,13,3,3,80,0,21,3,2,6,0,1,3,3,1,1,1,9,2,1,1,709,74,95,13,33,6
6,0,7,4,1577,1,3,1,4,2972,1,13,3,3,80,0,1,4,1,1,0,0,0,1,1,2,1,4,2,1,1,607,61,41,13,33,1
6,0,27,2,247,4,3,1,2,2311,2,15,3,4,80,0,9,3,3,3,2,1,2,1,1,2,2,4,2,1,1,627,64,41,13,33,3
8,0,16,3,327,4,3,4,4,16064,5,22,4,3,80,1,22,3,3,17,13,1,9,1,2,6,2,9,3,1,2,816,84,94,24,34,27
6,0,2,4,1721,2,3,1,3,3477,1,14,3,4,80,1,6,2,4,5,2,0,3,1,1,1,1,2,3,1,1,602,62,21,13,33,15
6,1,6,4,163,2,1,2,3,6172,4,18,3,2,80,0,12,3,2,7,7,7,7,1,2,1,1,3,3,1,2,606,62,32,23,13,7
7,0,1,4,724,2,4,2,4,7625,0,13,3,3,80,0,10,4,2,9,7,1,8,1,1,1,2,5,2,1,1,701,72,52,13,43,9
7,0,1,5,479,4,3,2,4,6653,4,15,3,2,80,0,7,6,3,1,0,0,0,3,2,2,2,3,2,1,1,701,74,32,13,33,1
8,0,24,3,605,4,3,3,1,7406,1,21,4,4,80,1,10,5,2,10,9,5,8,1,1,2,1,1,3,1,2,824,84,13,24,34,20
8,0,26,2,158,3,3,4,4,16959,1,12,3,4,80,2,25,3,4,25,12,4,12,2,2,1,1,9,3,1,2,826,83,94,23,33,45
7,0,3,4,481,1,2,3,4,9699,4,11,3,1,80,1,16,2,3,13,9,1,12,2,2,2,1,3,3,1,1,703,71,33,13,23,23
10,1,4,4,1081,1,3,1,3,2461,9,12,3,3,80,3,18,2,4,10,0,2,7,1,1,1,1,4,3,1,2,1004,101,41,23,33,40
10,0,2,3,1391,2,3,3,2,10596,2,11,3,2,80,0,14,5,3,4,2,3,2,2,2,6,1,3,3,1,1,1002,102,33,13,33,4
6,0,6,3,692,3,3,2,4,7725,3,23,4,3,80,1,15,2,1,13,11,4,7,2,1,1,1,5,1,1,1,606,63,52,14,34,23
5,0,2,3,1987,3,3,1,2,2187,4,14,3,3,80,0,6,3,3,2,0,1,2,1,3,5,2,6,3,1,1,502,53,61,13,33,2
6,0,10,3,446,2,2,2,4,4682,3,14,3,3,80,0,9,6,2,7,7,0,1,2,2,6,1,3,2,1,1,610,62,32,13,23,7
8,0,13,3,1803,2,4,2,1,5538,5,18,3,3,80,2,10,2,2,0,0,0,0,1,1,2,1,5,3,1,1,813,82,52,13,43,20
4,0,2,3,1657,3,3,1,3,2783,1,19,3,1,80,0,2,3,3,2,2,2,2,1,2,2,2,7,2,1,1,402,43,71,13,33,2
8,0,2,1,470,3,3,1,3,2696,0,11,3,3,80,1,4,5,3,3,2,1,0,1,3,4,1,6,1,1,2,802,83,61,23,33,13
8,0,3,3,2037,3,2,2,2,8938,2,11,3,3,80,1,14,5,3,5,4,0,4,1,2,1,1,3,1,1,1,803,83,32,13,23,15
5,0,5,1,844,3,2,3,4,12808,1,16,3,2,80,1,9,3,3,9,8,0,8,1,1,4,1,8,1,1,2,505,53,83,23,23,19
6,0,1,1,104,4,2,2,4,5126,1,12,3,3,80,2,10,1,2,10,8,3,0,1,1,1,1,2,3,1,2,601,64,22,23,23,30
6,0,5,4,861,2,2,1,4,3761,9,12,3,2,80,1,10,3,2,5,4,0,3,2,1,1,1,4,1,1,1,605,62,41,13,23,15
7,1,2,2,4,4,2,1,3,2090,6,15,3,2,80,0,7,3,3,0,0,0,0,1,1,3,1,2,2,1,2,702,74,21,23,23,0
4,0,21,2,1551,3,2,1,1,2296,0,14,3,2,80,3,2,3,3,1,1,0,0,1,1,4,1,2,1,1,1,421,43,21,13,23,31
7,0,29,3,273,4,3,2,4,6261,3,18,3,1,80,1,9,3,1,7,7,1,7,1,1,4,1,1,3,1,1,729,74,12,13,33,17
11,0,8,4,1338,4,3,5,2,19717,6,14,3,1,80,0,36,4,3,7,3,7,7,1,3,1,1,9,2,1,1,1108,114,95,13,33,7
6,0,4,3,830,3,2,2,3,6162,1,12,3,3,80,1,14,3,3,14,13,6,8,1,1,1,2,1,3,1,1,604,63,12,13,23,24
6,0,2,1,508,3,3,1,2,2476,1,18,3,1,80,1,1,3,3,1,0,0,0,1,2,4,1,7,3,1,1,602,63,71,13,33,11
7,0,9,2,245,3,3,1,4,2288,1,12,3,3,80,0,2,3,3,2,2,2,1,1,1,1,2,2,2,1,1,709,73,21,13,33,2
5,0,18,1,1399,1,4,2,3,6232,2,11,3,2,80,0,6,3,2,3,2,1,2,1,2,1,1,3,3,1,1,518,51,32,13,43,3
7,0,1,3,1737,4,3,2,4,6472,1,15,3,4,80,1,9,2,3,9,8,5,8,3,1,1,1,2,3,1,2,701,74,22,23,33,19
11,0,25,3,81,1,3,3,1,7637,7,11,3,4,80,0,28,3,2,21,16,7,9,1,2,1,2,3,2,1,1,1125,111,33,13,33,21
6,0,8,2,982,3,3,3,3,7264,5,11,3,1,80,1,10,2,4,8,4,7,7,1,2,3,1,3,1,1,1,608,63,33,13,33,18
11,0,6,3,532,3,4,4,1,13212,9,11,3,4,80,3,36,0,2,7,7,7,7,2,2,1,2,3,3,1,1,1106,113,34,13,43,37
5,0,5,4,916,1,3,2,4,4908,1,14,3,2,80,0,4,3,3,4,2,0,2,1,2,2,1,3,2,1,1,505,51,32,13,33,4
7,0,6,4,1997,1,2,2,3,5321,2,11,3,4,80,1,10,1,3,8,3,7,7,2,1,1,1,1,3,1,1,706,71,12,13,23,18
5,0,9,4,498,2,3,2,4,5253,1,16,3,4,80,0,7,1,3,7,5,0,7,1,2,1,1,3,2,1,1,509,52,32,13,33,7
3,1,2,3,243,2,2,1,4,1102,1,22,4,3,80,0,1,3,2,1,0,1,0,1,1,1,1,2,2,1,1,302,32,21,14,24,1
6,0,7,4,28,1,3,3,2,11994,0,11,3,3,80,0,13,4,3,12,6,2,11,1,1,1,2,8,2,1,1,607,61,83,13,33,12
10,0,7,4,211,2,2,2,3,6132,2,17,3,3,80,0,10,2,3,1,0,0,0,1,1,2,1,1,3,1,1,1007,102,12,13,23,1
6,0,10,3,1720,1,3,1,3,3433,6,13,3,1,80,1,10,3,2,5,2,1,3,2,1,1,1,4,3,1,1,610,61,41,13,33,15
7,0,1,4,2052,3,1,1,4,2977,1,12,3,4,80,1,4,5,3,4,3,1,1,1,1,1,2,4,3,1,1,701,73,41,13,13,14
11,0,2,4,140,3,2,5,4,18844,9,21,4,4,80,1,30,3,3,3,2,2,2,3,3,5,2,9,3,1,1,1102,113,95,14,24,13
6,0,10,3,1816,1,3,3,3,9667,9,14,3,2,80,0,9,3,3,7,7,0,2,1,1,2,2,1,2,1,1,610,61,13,13,33,7
5,0,4,3,1762,4,2,1,1,2109,1,13,3,3,80,1,1,2,3,1,0,0,0,1,1,4,2,4,1,1,1,504,54,41,13,23,11
10,0,4,2,546,4,3,4,4,16555,2,13,3,4,80,0,31,2,1,5,2,1,4,1,1,1,2,9,3,1,1,1004,104,94,13,33,5
7,0,3,2,238,4,3,1,2,2088,4,12,3,3,80,0,13,3,2,8,7,7,2,2,1,2,1,2,2,1,1,703,74,21,13,33,8
5,0,13,2,2053,4,2,2,2,4025,4,13,3,1,80,1,10,2,3,4,3,0,3,1,1,3,1,2,3,1,2,513,54,22,23,23,14
7,0,18,5,1621,2,4,2,1,5208,1,11,3,4,80,0,16,2,3,16,15,1,10,1,1,1,1,4,3,1,1,718,72,42,13,43,16
5,1,24,1,1273,3,1,1,4,1118,1,14,3,4,80,0,1,4,3,1,0,1,0,2,2,1,1,7,2,1,2,524,53,71,23,13,1
10,0,19,4,799,4,3,2,1,5485,9,11,3,2,80,2,9,4,3,5,3,1,4,1,1,2,2,1,1,1,2,1019,104,12,23,33,25
6,0,7,3,420,4,2,2,3,5484,1,14,3,3,80,1,13,3,2,13,8,4,8,1,2,1,1,3,3,1,1,607,64,32,13,23,23
10,0,2,4,329,1,2,5,3,19068,1,18,3,4,80,0,33,2,4,33,7,15,12,3,2,1,1,9,2,1,2,1002,101,95,23,23,33
6,0,9,1,581,3,3,3,2,10648,1,25,4,4,80,1,13,6,4,13,8,0,8,1,1,1,1,1,1,1,1,609,63,13,14,34,23
3,1,10,3,1248,1,2,1,2,1859,1,25,4,2,80,0,1,2,4,1,1,0,0,3,1,2,2,4,2,1,2,310,31,41,24,24,1
7,0,8,4,805,1,3,1,4,2572,1,16,3,2,80,1,3,1,2,3,2,0,2,1,2,1,2,7,3,1,1,708,71,71,13,33,13
5,0,15,3,1870,4,2,1,1,4774,0,19,3,4,80,1,8,2,2,7,6,7,3,2,1,1,2,4,3,1,1,515,54,41,13,23,17
5,1,24,3,622,3,1,1,4,2340,1,18,3,2,80,0,1,3,1,1,0,0,0,1,1,4,1,2,2,1,2,524,53,21,23,13,1
5,0,15,2,1102,1,3,1,3,2207,1,16,3,4,80,1,4,5,2,4,2,2,2,1,1,1,1,2,1,1,1,515,51,21,13,33,14
11,1,24,2,1907,1,3,1,4,2587,1,16,3,4,80,0,5,3,3,4,2,1,0,1,1,1,1,2,2,1,1,1124,111,21,13,33,4
9,0,14,4,1934,3,3,2,2,5467,8,18,3,3,80,1,16,4,4,8,7,1,7,3,1,4,1,4,3,1,1,914,93,42,13,33,18
8,1,25,4,1318,4,2,3,2,9094,2,12,3,3,80,0,9,2,3,5,4,1,0,1,2,6,1,3,2,1,2,825,84,33,23,23,5
6,0,4,3,1916,1,4,1,3,3978,8,12,3,2,80,1,4,0,2,2,2,2,2,1,1,2,2,2,1,1,1,604,61,21,13,43,12
4,1,6,3,811,3,4,1,1,1601,1,21,4,3,80,2,1,2,3,0,0,0,0,1,1,1,1,2,3,1,2,406,43,21,24,44,20
6,0,2,3,1207,2,3,1,3,3600,1,13,3,4,80,1,5,2,3,5,4,1,4,1,3,5,1,6,3,1,1,602,62,61,13,33,15
5,0,2,2,1898,1,4,2,3,6500,0,14,3,2,80,0,9,5,2,8,7,0,7,1,2,2,2,3,2,1,1,502,51,32,13,43,8
8,0,2,3,1706,4,3,2,4,7847,1,17,3,1,80,1,10,3,3,10,9,8,8,1,2,2,1,3,3,1,2,802,84,32,23,33,20
7,0,28,4,1554,2,2,1,3,2430,0,23,4,1,80,2,6,5,3,5,3,4,2,1,2,1,2,7,3,1,1,728,72,71,14,24,25
8,0,5,4,729,4,2,3,1,10475,5,21,4,3,80,1,20,2,3,18,13,1,12,2,2,1,1,3,3,1,2,805,84,33,24,24,28
7,0,18,4,1133,1,3,2,4,7779,2,20,4,1,80,0,18,0,3,11,9,0,9,3,1,1,1,1,2,1,1,718,71,12,14,34,11
6,0,1,2,57,3,3,2,4,4011,1,23,4,4,80,0,12,2,3,12,8,3,7,2,1,2,2,2,2,1,1,601,63,22,14,34,12
11,0,2,4,1873,2,2,1,4,2662,8,20,4,2,80,1,19,2,4,5,2,0,4,1,1,4,1,4,3,1,1,1102,112,41,14,24,15
7,0,1,5,204,3,3,3,2,7295,1,13,3,1,80,2,10,3,3,10,8,0,6,1,2,6,1,3,3,1,1,701,73,33,13,33,30
5,0,8,1,1150,2,2,2,4,5056,1,15,3,3,80,1,10,2,2,10,7,1,2,1,1,2,1,1,3,1,2,508,52,12,23,23,20
7,1,2,3,1458,1,2,1,1,3646,2,23,4,2,80,0,11,2,4,1,0,0,0,3,1,1,2,2,2,1,2,702,71,21,24,24,1
3,0,10,3,411,4,2,1,3,1200,1,12,3,1,80,0,0,2,3,0,0,0,0,1,2,2,2,7,2,1,1,310,34,71,13,23,0
6,0,9,2,41,4,2,1,3,2206,1,13,3,1,80,0,10,5,3,10,0,1,8,1,1,2,1,2,2,1,1,609,64,21,13,23,10
8,0,12,3,520,1,2,4,2,14336,1,11,3,3,80,1,25,3,3,25,10,3,9,1,1,1,1,8,1,1,1,812,81,84,13,23,35
8,0,1,4,1892,1,3,4,1,16823,2,11,3,1,80,1,22,3,3,19,7,11,16,1,1,1,1,9,1,1,1,801,81,94,13,33,29
7,0,18,4,2049,3,3,2,3,5689,1,14,3,4,80,2,10,2,4,10,2,0,2,2,1,1,1,5,3,1,2,718,73,52,23,33,30
7,1,10,3,1639,4,2,3,1,10306,9,17,3,3,80,0,15,3,3,13,12,6,0,1,2,2,1,3,3,1,1,710,74,33,13,23,13
6,0,22,2,160,3,3,2,2,6146,0,13,3,1,80,1,8,2,4,7,7,0,7,3,2,6,1,3,3,1,1,622,63,32,13,33,17
9,0,9,3,864,4,3,3,1,10761,4,12,3,3,80,1,18,2,3,5,4,0,2,1,2,6,1,3,1,1,2,909,94,33,23,33,15
9,0,1,3,1438,1,3,1,4,3420,7,12,3,3,80,1,17,2,2,6,5,1,2,1,1,4,1,4,3,1,1,901,91,41,13,33,16
5,1,21,3,1107,1,3,1,3,2377,1,20,4,3,80,1,1,0,2,1,1,0,0,1,1,2,1,2,1,1,1,521,51,21,14,34,11
8,0,2,1,1334,3,3,4,3,17861,0,13,3,4,80,0,21,3,2,20,8,2,10,3,1,1,1,9,3,1,2,802,83,94,23,33,20
5,0,7,1,912,1,2,1,4,2532,6,14,3,3,80,3,8,5,3,4,3,0,3,1,1,2,2,2,1,1,1,507,51,21,13,23,34
8,0,9,5,287,4,2,2,4,4876,9,14,3,4,80,1,5,5,1,3,2,0,2,3,1,1,1,5,3,1,1,809,84,52,13,23,13
6,0,10,3,1774,4,3,2,3,4001,1,14,3,3,80,1,15,3,3,15,14,0,7,3,2,1,1,3,1,1,2,610,64,32,23,33,25
8,0,9,5,663,4,3,2,3,5679,3,13,3,2,80,1,10,3,3,8,7,4,7,2,1,2,1,2,1,1,2,809,84,22,23,33,18
6,0,12,3,961,4,3,2,4,5855,0,11,3,3,80,2,10,2,1,9,7,8,5,1,1,2,2,5,3,1,2,612,64,52,23,33,29
6,0,29,4,1784,1,2,2,4,5468,1,14,3,1,80,2,13,3,3,12,7,5,7,1,2,6,2,3,3,1,1,629,61,32,13,23,32
4,0,19,1,217,3,3,1,4,2323,1,24,4,1,80,2,2,6,3,2,2,2,2,1,1,2,1,4,3,1,1,419,43,41,14,34,22
6,0,14,3,252,4,3,1,2,2756,1,13,3,4,80,1,8,5,3,8,7,1,6,1,1,2,2,4,3,1,1,614,64,41,13,33,18
11,0,8,1,1278,4,2,4,2,13577,1,15,3,4,80,1,34,3,3,33,9,15,0,3,1,2,1,5,1,1,2,1108,114,54,23,23,43
5,0,2,1,1371,4,1,2,4,5071,3,20,4,2,80,0,8,3,3,6,2,0,0,2,2,1,1,3,2,1,1,502,54,32,14,14,6
6,0,2,3,571,3,3,1,4,2564,0,14,3,3,80,0,12,2,2,11,7,6,7,3,1,2,2,2,2,1,1,602,63,21,13,33,11
6,0,3,4,5,4,3,1,3,2909,1,11,3,3,80,0,8,3,3,8,7,3,0,2,1,1,2,4,3,1,2,603,64,41,23,33,8
7,0,24,4,419,2,3,2,2,5674,7,15,3,3,80,1,11,3,3,9,8,0,8,3,1,1,2,2,3,1,1,724,72,22,13,33,19
6,0,10,4,1924,2,3,2,3,5487,1,14,3,2,80,0,10,2,2,10,4,0,9,1,2,6,1,3,2,1,1,610,62,32,13,33,10
5,0,1,3,1834,3,3,1,1,3591,1,25,4,3,80,1,3,3,3,3,2,1,2,1,1,2,2,4,3,1,1,501,53,41,14,34,13
6,1,1,3,1562,2,2,2,1,9714,1,11,3,4,80,1,10,4,3,10,8,6,7,1,2,1,1,3,3,1,1,601,62,32,13,23,20
5,1,27,3,283,2,3,3,4,7639,1,22,4,4,80,3,10,3,2,10,4,1,9,1,2,6,2,3,3,1,1,527,52,33,14,34,40
7,1,23,3,1310,3,3,1,1,3904,0,13,3,1,80,0,6,2,3,5,2,0,3,1,1,2,1,4,2,1,1,723,73,41,13,33,5
7,0,26,4,1682,1,3,2,3,5347,6,14,3,2,80,2,10,2,2,3,2,0,2,1,1,1,1,5,3,1,1,726,71,52,13,33,23
6,0,29,4,1046,4,3,1,3,4025,9,12,3,2,80,0,10,2,3,8,7,7,7,3,1,2,2,2,2,1,1,629,64,21,13,33,8
4,0,4,3,705,1,4,1,1,2819,2,16,3,1,80,1,5,3,4,3,2,0,2,1,1,2,1,4,3,1,1,404,41,41,13,43,13
5,0,10,3,749,3,3,1,3,2642,1,11,3,3,80,0,1,6,3,1,0,0,0,1,2,1,1,7,2,1,1,510,53,71,13,33,1
8,0,1,3,534,2,4,3,1,8392,1,16,3,3,80,1,10,2,3,10,7,0,7,1,2,6,1,3,3,1,1,801,82,33,13,43,20
10,0,7,4,1830,4,3,2,4,6854,4,15,3,2,80,1,14,2,2,7,1,1,7,1,1,2,2,4,3,1,1,1007,104,42,13,33,17
7,1,25,4,881,4,3,1,2,2022,1,19,3,1,80,1,10,3,2,10,2,7,8,2,1,1,2,4,1,1,2,725,74,41,23,33,20
5,0,6,3,1154,3,2,1,3,2703,1,14,3,4,80,1,3,2,3,3,1,0,2,2,1,1,1,4,1,1,2,506,53,41,23,23,13
6,0,3,2,1779,4,1,2,4,6029,5,12,3,1,80,0,6,3,3,2,2,2,2,1,2,1,2,3,2,1,1,603,64,32,13,13,2
6,0,1,3,1956,4,1,2,1,5003,1,21,4,2,80,0,10,6,3,10,8,8,7,2,1,1,1,4,3,1,1,601,64,42,14,14,10
6,1,11,4,631,4,4,2,3,4707,8,12,3,4,80,0,6,2,3,4,2,1,2,3,2,3,1,3,3,1,1,611,64,32,13,43,4
8,0,11,3,1985,4,3,2,3,6323,1,11,3,1,80,1,10,2,4,10,9,9,4,2,1,4,2,2,3,1,1,811,84,22,13,33,20
5,0,2,1,1136,1,2,1,2,3201,0,17,3,1,80,0,6,2,1,5,3,0,4,1,1,1,1,4,3,1,1,502,51,41,13,23,5
4,0,1,2,872,4,2,2,4,4775,6,22,4,1,80,2,4,2,1,2,2,2,2,1,1,1,1,1,3,1,1,401,44,12,14,24,22
5,0,1,4,1286,4,3,1,3,2154,0,11,3,3,80,0,5,2,2,4,2,0,2,2,1,2,1,2,2,1,2,501,54,21,23,33,4
5,0,4,2,527,2,2,2,4,4487,1,11,3,2,80,0,5,3,3,5,4,1,3,1,2,1,2,3,2,1,2,504,52,32,23,23,5
7,0,3,3,704,3,2,1,3,1281,1,18,3,3,80,2,1,3,3,1,0,0,0,3,1,1,1,2,3,1,1,703,73,21,13,23,21
6,0,7,5,1446,4,3,2,4,9204,4,12,3,3,80,1,7,3,2,4,3,0,3,1,2,6,1,3,3,1,1,607,64,32,13,33,14
7,0,6,2,1782,4,2,1,3,3702,1,11,3,2,80,1,5,3,3,5,4,0,4,1,1,3,2,2,3,1,1,706,74,21,13,23,15
5,1,13,3,1487,1,3,2,2,5765,5,11,3,1,80,0,7,4,1,5,3,0,0,2,2,4,2,3,2,1,1,513,51,32,13,33,5
5,0,28,3,183,1,2,2,3,8639,2,18,3,4,80,0,6,3,3,2,2,2,2,1,2,1,1,3,3,1,1,528,51,32,13,23,2
5,0,15,2,15,4,2,2,3,4193,0,12,3,4,80,0,10,3,3,9,5,0,8,1,1,1,2,2,2,1,2,515,54,22,23,23,9
6,0,5,3,2057,2,3,2,1,9936,0,19,3,2,80,0,10,2,3,9,4,1,7,3,1,2,1,1,2,1,1,605,62,12,13,33,9
8,0,24,2,335,1,3,2,4,3319,1,17,3,1,80,2,9,3,3,9,8,4,7,1,1,4,1,4,1,1,1,824,81,42,13,33,29
10,0,20,4,450,4,3,2,3,4869,3,12,3,4,80,0,20,4,2,4,3,0,3,2,1,1,2,4,2,1,1,1020,104,42,13,33,4
9,0,2,4,1443,1,3,4,3,17169,3,19,3,2,80,2,26,2,4,20,17,5,6,1,1,2,2,8,3,1,1,902,91,84,13,33,40
5,0,8,1,800,3,3,2,4,4342,0,19,3,2,80,1,5,3,3,4,2,1,1,2,2,6,1,3,3,1,1,508,53,32,13,33,14
7,0,1,3,620,1,3,2,3,4859,1,16,3,4,80,0,5,3,3,5,4,0,3,1,2,2,2,3,2,1,1,701,71,32,13,33,5
9,0,1,4,1116,1,4,4,4,16885,2,22,4,3,80,0,27,3,2,5,4,2,1,3,1,2,1,9,2,1,1,901,91,94,14,44,5
9,0,26,4,1625,4,3,5,3,19658,3,11,3,3,80,1,27,2,3,5,2,1,0,1,3,1,2,9,3,1,1,926,94,95,13,33,15
10,0,6,3,162,1,3,5,3,19537,7,13,3,3,80,0,23,5,3,20,18,15,15,1,1,1,1,8,2,1,1,1006,101,85,13,33,20
8,0,2,4,616,1,2,2,3,6811,2,17,3,1,80,0,10,3,3,8,7,0,7,3,1,3,2,5,2,1,2,802,81,52,23,23,8
6,0,15,2,1754,3,2,3,1,7140,2,11,3,1,80,1,12,2,3,7,7,1,7,1,2,6,1,3,1,1,1,615,63,33,13,23,17
6,0,8,2,1823,2,4,2,3,6799,1,21,4,3,80,2,10,5,3,10,8,4,8,1,2,4,1,3,3,1,1,608,62,32,14,44,30
6,0,10,3,1179,3,2,2,3,6578,1,18,3,1,80,1,10,3,3,10,3,1,4,1,2,6,1,3,3,1,1,610,63,32,13,23,20
5,0,3,3,850,4,3,1,4,1706,1,11,3,3,80,3,0,6,2,0,0,0,0,3,1,2,1,4,3,1,1,503,54,41,13,33,30
8,0,1,3,734,4,2,5,3,19189,1,12,3,2,80,1,22,3,3,22,7,2,10,1,3,5,1,9,3,1,1,801,84,95,13,23,32
9,0,8,2,944,1,3,3,2,7403,4,11,3,3,80,1,29,3,2,26,9,1,7,1,1,3,2,2,3,1,1,908,91,23,13,33,36
7,0,1,3,1369,4,2,2,4,5363,0,12,3,2,80,1,10,0,3,9,7,0,0,1,1,2,2,2,3,1,1,701,74,22,13,23,19
7,0,12,5,1073,4,2,3,4,8858,0,11,3,2,80,0,15,2,2,14,8,7,8,1,1,2,2,1,2,1,1,712,74,13,13,23,14
5,1,1,3,896,2,2,1,3,2800,6,19,3,3,80,3,5,3,3,3,2,0,2,1,2,2,2,7,1,1,2,501,52,71,23,23,33
4,1,9,3,1077,4,3,1,4,2323,1,14,3,2,80,0,2,3,3,2,2,0,2,2,2,6,2,7,2,1,2,409,44,71,23,33,2
7,1,23,2,261,2,2,2,3,5916,3,13,3,1,80,0,8,1,3,1,0,0,1,1,1,1,1,1,3,1,2,723,72,12,23,23,1
11,0,4,4,1191,4,3,5,1,19943,4,13,3,4,80,1,28,2,3,5,2,4,2,1,1,4,2,9,1,1,1,1104,114,95,13,33,15
7,0,2,2,556,4,3,1,4,1702,1,23,4,3,80,1,1,3,3,1,0,0,0,2,1,1,1,2,3,1,2,702,74,21,24,34,11
7,0,27,3,13,3,3,2,3,5237,6,13,3,2,80,2,17,3,2,7,7,7,7,1,1,2,1,5,3,1,1,727,73,52,13,33,27
5,0,1,3,384,3,3,2,2,6397,1,20,4,1,80,1,6,6,1,6,5,1,4,2,1,1,2,1,1,1,1,501,53,12,14,34,16
10,0,2,4,905,1,3,4,1,17924,1,11,3,4,80,1,31,3,3,31,6,14,7,3,1,1,1,9,1,1,1,1002,101,94,13,33,41
6,1,9,3,190,1,3,1,1,4200,7,22,4,1,80,0,10,2,4,5,4,0,4,1,1,2,2,2,2,1,1,609,61,21,14,34,5
6,0,1,4,2013,2,2,1,2,2269,0,14,3,2,80,1,3,2,3,2,2,2,2,1,2,2,1,7,3,1,1,601,62,71,13,23,12
5,0,1,3,1249,1,3,1,4,3760,1,15,3,1,80,3,3,5,3,3,2,1,2,1,1,1,2,4,1,1,1,501,51,41,13,33,33
6,0,6,3,1311,1,2,2,4,4627,0,12,3,1,80,1,10,6,3,9,2,6,7,1,1,4,2,2,3,1,1,606,61,22,13,23,19
8,0,28,3,615,3,1,3,1,10932,3,15,3,3,80,1,20,2,3,1,0,0,1,3,2,3,1,3,1,1,1,828,83,33,13,13,11
6,0,1,4,1431,4,3,1,1,2996,5,14,3,3,80,2,10,2,3,4,3,1,3,2,1,3,1,4,1,1,1,601,64,41,13,33,24
5,0,3,1,1586,2,3,1,1,4723,1,18,3,4,80,0,10,3,3,10,9,1,5,1,1,2,1,2,2,1,2,503,52,21,23,33,10
11,0,1,3,374,4,3,5,1,19045,0,14,3,3,80,0,37,2,3,36,10,4,13,1,1,2,1,9,2,1,2,1101,114,95,23,33,36
7,0,1,4,230,1,2,2,4,8686,4,22,4,3,80,0,12,2,4,8,3,0,7,1,2,1,2,3,2,1,1,701,71,32,14,24,8
9,0,26,2,1801,2,2,2,2,7991,8,15,3,3,80,0,6,3,3,2,2,2,2,3,2,1,1,3,2,1,1,926,92,32,13,23,2
7,0,3,4,1425,1,3,2,2,9278,3,16,3,4,80,0,15,3,3,5,4,0,1,1,2,6,2,3,2,1,2,703,71,32,23,33,5
11,1,2,3,977,4,3,1,3,2479,4,24,4,1,80,0,7,4,3,1,0,0,0,1,1,4,1,4,2,1,1,1102,114,41,14,34,1
8,0,7,4,36,1,2,3,4,10248,3,14,3,4,80,1,24,4,3,22,6,5,17,1,1,2,2,5,3,1,1,807,81,53,13,23,32
8,0,26,3,1066,3,3,2,1,8396,1,14,3,2,80,1,8,3,2,7,7,7,5,1,2,6,1,3,3,1,1,826,83,32,13,33,17
6,0,13,1,995,2,3,1,4,3452,3,18,3,1,80,0,5,4,3,3,2,0,2,1,1,1,2,4,2,1,1,613,62,41,13,33,3
5,1,3,1,510,3,3,1,1,3102,0,22,4,3,80,0,7,2,3,6,4,0,4,2,1,4,1,4,2,1,1,503,53,41,14,34,6
9,0,16,3,1674,4,3,1,1,2587,4,16,3,2,80,1,17,2,2,2,2,2,2,1,1,2,2,2,1,1,2,916,94,21,23,33,12
7,0,26,4,2040,3,3,3,4,8837,1,16,3,3,80,0,9,2,3,9,0,1,7,1,3,1,2,6,2,1,2,726,73,63,23,33,9
5,0,8,5,1094,1,1,1,3,4621,1,19,3,4,80,3,3,4,3,3,2,1,2,3,1,1,1,2,3,1,1,508,51,21,13,13,33
5,0,6,3,164,3,2,1,2,2368,1,19,3,3,80,0,5,3,2,5,4,4,3,1,1,3,2,4,3,1,1,506,53,41,13,23,5
9,0,20,4,170,3,3,2,1,6567,1,14,3,3,80,0,16,2,2,15,11,5,11,1,1,2,2,1,3,1,1,920,93,12,13,33,15
9,0,1,2,431,3,2,4,3,13964,7,12,3,4,80,0,25,2,3,7,1,0,7,1,1,4,2,5,2,1,2,901,93,54,23,23,7
9,0,25,2,1888,2,2,2,4,5906,0,13,3,4,80,2,10,2,2,9,8,3,8,1,1,1,2,1,3,1,1,925,92,12,13,23,29
5,1,5,4,65,3,3,1,3,3441,1,13,3,3,80,0,2,3,2,2,2,2,2,1,1,4,1,2,2,1,2,505,53,21,23,33,2
5,0,6,3,686,3,3,1,4,2659,1,13,3,3,80,1,3,2,3,3,2,0,2,1,1,1,2,2,3,1,2,506,53,21,23,33,13
8,1,10,4,1200,3,3,1,3,2936,1,11,3,3,80,0,6,4,3,6,4,0,2,1,1,1,1,4,2,1,2,810,83,41,23,33,6
8,0,1,4,1361,2,3,1,2,2387,3,22,4,3,80,1,7,3,3,4,2,0,3,1,1,1,1,2,3,1,1,801,82,21,14,34,14
5,0,5,3,2060,4,2,1,3,2966,0,18,3,4,80,0,5,2,3,4,2,0,0,1,2,3,2,7,2,1,1,505,54,71,13,23,4
6,0,3,4,1115,3,2,1,4,2979,3,17,3,4,80,3,6,2,3,0,0,0,0,3,1,1,1,4,3,1,1,603,63,41,13,23,30
6,0,2,2,1140,4,3,2,3,4033,2,11,3,4,80,0,5,3,2,3,2,0,2,2,1,1,1,1,2,1,1,602,64,12,13,33,3
7,0,27,4,1728,4,3,2,3,6883,2,16,3,2,80,1,17,3,3,7,7,0,7,1,1,1,1,1,3,1,1,727,74,12,13,33,17
8,0,6,3,1402,1,2,2,3,4081,1,14,3,1,80,0,20,3,1,20,7,1,8,1,1,2,2,4,2,1,2,806,81,42,23,23,20
6,0,2,3,117,3,2,2,4,4152,1,19,3,1,80,3,11,3,3,11,10,10,8,1,1,1,1,5,3,1,1,602,63,52,13,23,41
8,0,1,4,1903,2,4,2,1,5033,2,15,3,4,80,1,10,5,3,2,0,2,2,1,1,1,1,5,3,1,1,801,82,52,13,43,12
8,0,12,3,1768,2,3,1,2,2766,8,22,4,2,80,3,7,6,2,5,3,0,4,1,1,2,1,2,1,1,1,812,82,21,14,34,35
6,0,3,3,562,3,3,1,4,2097,4,15,3,3,80,1,9,3,1,5,3,1,4,3,1,1,1,2,3,1,1,603,63,21,13,33,15
6,0,22,4,567,3,3,3,1,8412,0,11,3,3,80,0,10,3,3,9,8,7,8,3,2,3,2,3,3,1,1,622,63,33,13,33,9
7,0,10,1,1006,3,3,1,3,2684,0,17,3,2,80,1,3,0,2,2,1,0,2,2,1,2,1,4,3,1,1,710,73,41,13,33,12
6,1,1,4,1427,2,1,1,3,1359,1,12,3,2,80,0,1,3,3,1,0,0,0,2,2,1,2,7,2,1,1,601,62,71,13,13,1
10,0,2,4,1070,3,2,3,3,10686,6,11,3,2,80,1,13,4,3,9,4,7,0,1,2,1,2,3,3,1,1,1002,103,33,13,23,19
9,0,15,4,1576,3,3,1,1,2367,8,12,3,4,80,1,10,3,2,8,2,7,6,1,1,3,2,4,3,1,1,915,93,41,13,33,18
6,0,8,2,1461,4,4,1,2,2109,9,18,3,4,80,0,8,3,3,3,2,0,2,1,3,2,2,6,2,1,1,608,64,61,13,43,3
7,0,15,4,1975,2,3,4,1,13341,0,12,3,1,80,0,21,3,3,20,8,11,10,1,2,6,1,3,2,1,1,715,72,34,13,33,20
5,0,8,3,707,4,4,2,2,4851,0,22,4,3,80,1,4,4,3,3,2,1,2,1,2,1,1,3,3,1,1,508,54,32,14,44,13
6,0,1,4,1047,2,4,2,4,9725,0,11,3,4,80,1,16,2,2,15,1,0,9,1,2,6,1,3,1,1,1,601,62,32,13,43,25
5,1,2,1,667,3,3,1,1,3041,0,11,3,2,80,1,5,3,3,4,3,0,2,1,2,6,1,7,1,1,1,502,53,71,13,33,14
9,0,20,3,1460,2,1,3,1,10851,2,18,3,2,80,1,24,2,3,7,7,0,7,1,1,2,1,5,1,1,2,920,92,53,23,13,17
5,0,9,3,218,4,3,1,2,2024,6,18,3,4,80,1,6,1,1,2,2,2,2,3,1,2,1,4,1,1,1,509,54,41,13,33,12
9,0,2,2,1857,4,3,3,4,8578,3,14,3,3,80,1,12,4,2,9,8,4,7,1,1,1,1,1,1,1,1,902,94,13,13,33,19
5,1,20,2,1818,4,3,1,2,2148,0,11,3,3,80,0,6,3,3,5,1,1,4,1,3,2,2,6,3,1,2,520,54,61,23,33,5
7,0,1,3,600,2,3,2,3,4717,9,11,3,3,80,0,15,2,3,11,9,6,9,1,2,6,1,3,3,1,1,701,72,32,13,33,11
7,0,13,3,829,3,3,1,2,2143,4,13,3,2,80,1,8,2,3,5,2,0,4,1,3,5,1,6,3,1,1,713,73,61,13,33,15
8,0,7,3,262,4,4,1,4,2089,4,14,3,4,80,3,7,3,4,5,4,2,2,3,1,2,1,4,1,1,1,807,84,41,13,43,35
6,1,2,4,1692,4,3,1,2,1393,1,12,3,1,80,0,1,2,3,1,0,0,0,1,1,1,1,2,2,1,1,602,64,21,13,33,1
6,1,25,3,1108,1,2,1,2,2313,4,20,4,2,80,0,5,0,3,2,2,2,2,1,1,2,1,4,2,1,2,625,61,41,24,24,2
5,0,1,3,956,3,2,2,1,4294,1,12,3,2,80,0,7,2,3,7,7,0,7,2,2,2,1,3,2,1,1,501,53,32,13,23,7
9,0,25,3,1306,2,3,5,2,18061,3,22,4,3,80,0,22,4,3,0,0,0,0,2,1,2,2,9,2,1,1,925,92,95,14,34,0
7,0,4,2,53,3,3,1,4,1951,1,12,3,3,80,1,1,3,3,1,0,0,0,1,1,3,1,2,1,1,1,704,73,21,13,33,11
6,0,8,2,865,3,4,2,3,5175,5,12,3,3,80,1,9,3,2,5,3,1,3,1,1,2,2,4,3,1,1,608,63,42,13,43,15
6,0,10,3,1979,3,3,3,3,11031,4,20,4,3,80,1,13,2,4,11,7,4,8,3,1,2,2,8,3,1,1,610,63,83,14,34,21
7,0,8,3,83,3,3,3,3,10096,1,13,3,2,80,3,17,2,3,17,14,12,8,1,1,4,2,5,1,1,1,708,73,53,13,33,47
11,1,2,3,787,4,3,5,1,19859,5,13,3,4,80,1,24,2,3,5,2,1,4,1,1,2,1,9,3,1,2,1102,114,95,23,33,15
5,0,1,3,1954,1,3,2,1,5373,0,12,3,1,80,1,6,5,2,5,3,0,2,1,1,1,1,5,3,1,1,501,51,52,13,33,15
7,0,24,1,2014,1,3,2,4,4108,7,13,3,1,80,0,18,2,3,7,7,1,7,1,1,1,1,4,2,1,1,724,71,42,13,33,7
6,0,10,4,1055,3,3,1,3,2220,1,19,3,4,80,1,1,2,3,1,1,0,0,1,2,1,2,7,3,1,2,610,63,71,23,33,11
9,0,1,3,1677,3,3,4,3,15379,4,14,3,1,80,0,23,2,3,8,7,0,0,1,1,1,1,9,2,1,1,901,93,94,13,33,8
7,0,11,3,85,2,2,2,2,6499,1,13,3,3,80,0,6,3,3,6,5,0,3,2,1,1,1,1,2,1,1,711,72,12,13,23,6
5,1,5,3,142,3,2,2,3,5744,1,11,3,4,80,0,6,1,3,6,4,0,3,1,2,6,1,3,2,1,2,505,53,32,23,23,6
7,0,7,3,845,3,3,3,3,10221,3,21,4,2,80,0,17,3,4,8,5,1,6,1,1,3,1,1,2,1,1,707,73,13,14,34,8
5,0,8,2,395,4,3,1,4,3310,1,21,4,4,80,0,5,3,3,5,3,0,2,1,1,1,2,4,2,1,1,508,54,41,14,34,5
5,0,1,3,1315,3,1,2,4,6674,0,11,3,1,80,3,10,6,3,9,8,7,5,3,1,1,2,2,3,1,1,501,53,22,13,13,39
7,0,8,2,1794,3,3,2,2,4071,2,13,3,3,80,0,19,4,2,10,0,4,7,1,3,3,1,6,1,1,1,708,73,62,13,33,10
7,0,9,4,1949,1,4,1,2,2810,1,22,4,2,80,0,5,3,3,5,4,0,2,3,1,1,1,2,3,1,1,709,71,21,14,44,5
6,0,2,1,604,2,3,2,4,6582,4,13,3,3,80,0,10,2,4,6,5,0,5,1,2,1,1,3,2,1,2,602,62,32,23,33,6
7,0,16,2,1886,4,2,2,2,4788,0,11,3,4,80,0,4,2,3,3,2,0,2,1,1,3,2,1,3,1,2,716,74,12,23,23,3
6,1,4,3,514,3,3,1,4,2285,9,23,4,3,80,0,3,4,3,1,0,0,0,2,1,4,1,4,2,1,2,604,63,41,24,34,1
6,0,9,3,717,4,2,3,2,8621,1,14,3,2,80,0,9,3,4,8,7,7,7,1,1,2,2,5,2,1,1,609,64,53,13,23,8
7,0,29,5,79,4,3,2,4,2406,1,11,3,4,80,0,10,2,3,10,3,9,9,2,1,1,2,2,2,1,1,729,74,22,13,33,10
7,0,2,3,24,4,3,1,4,3944,5,11,3,3,80,0,6,3,3,3,2,1,2,1,1,1,1,4,2,1,2,702,74,41,23,33,3
7,0,4,4,1435,1,2,2,4,5810,1,16,3,3,80,0,10,2,2,10,4,1,8,1,1,1,1,2,2,1,1,704,71,22,13,23,10
4,1,8,1,1684,4,2,1,3,3989,1,11,3,1,80,0,5,2,3,5,4,1,2,1,1,2,1,2,2,1,2,408,44,21,23,23,5
5,0,4,3,2064,2,4,2,2,6142,1,20,4,2,80,1,6,0,3,6,2,0,3,1,1,1,1,1,3,1,2,504,52,12,24,44,16
7,0,22,3,577,4,1,1,3,4230,0,15,3,3,80,0,6,2,3,5,4,4,3,1,1,1,1,2,2,1,1,722,74,21,13,13,5
7,0,9,2,1940,2,3,1,4,4771,2,19,3,4,80,2,10,0,4,5,2,0,3,1,1,1,1,4,1,1,1,709,72,41,13,33,25
6,0,3,2,727,3,3,3,4,11159,3,15,3,4,80,0,10,6,3,7,7,7,7,1,1,1,2,8,2,1,1,603,63,83,13,33,7
4,0,9,1,758,2,3,1,1,2500,1,14,3,4,80,1,5,2,4,4,3,0,2,1,1,2,1,2,3,1,1,409,42,21,13,33,14
6,0,13,4,859,2,3,2,4,4403,2,11,3,3,80,1,8,3,2,5,2,0,3,1,2,1,1,3,1,1,1,613,62,32,13,33,15
11,0,2,1,1096,4,3,3,2,10976,3,18,3,2,80,1,23,4,3,3,2,1,2,2,1,1,1,1,3,1,1,1102,114,13,13,33,13
9,0,2,3,575,1,3,4,3,17861,6,13,3,3,80,0,26,2,1,3,2,0,1,1,1,1,1,8,3,1,1,902,91,84,13,33,3
12,0,28,3,573,3,2,3,1,10266,4,19,3,4,80,0,22,5,4,18,13,13,11,2,2,6,2,3,3,1,1,1228,123,33,13,23,18
5,1,9,3,1752,2,1,1,2,2760,1,13,3,3,80,0,2,3,3,2,2,2,2,1,2,6,2,7,2,1,1,509,52,71,13,13,2
9,0,1,3,887,3,3,1,1,3580,2,16,3,2,80,1,7,2,3,4,2,0,2,1,1,4,2,4,3,1,1,901,93,41,13,33,14
8,1,12,3,1167,3,3,4,1,13758,0,12,3,2,80,0,22,2,2,21,9,13,14,2,2,1,1,3,2,1,2,812,83,34,23,33,21
7,0,1,3,314,3,3,3,3,8789,1,14,3,1,80,0,10,3,4,10,7,0,8,2,2,6,2,3,2,1,1,701,73,33,13,33,10
7,0,6,3,474,3,4,2,1,5974,4,13,3,1,80,2,13,2,3,7,7,6,7,1,1,2,1,4,1,1,2,706,73,42,23,43,27
10,0,24,4,1689,2,4,3,4,7005,3,15,3,3,80,0,11,2,3,4,3,1,2,1,1,2,1,5,3,1,1,1024,102,53,13,43,4
7,0,10,3,1640,2,3,1,2,3936,1,11,3,1,80,1,8,2,1,8,4,7,7,1,1,2,2,4,3,1,1,710,72,41,13,33,18
10,0,22,5,1539,3,1,4,4,14411,1,13,3,4,80,0,32,2,3,32,6,13,9,2,1,2,1,8,2,1,2,1022,103,84,23,13,32
10,0,2,4,126,1,3,3,3,13549,9,12,3,1,80,1,16,5,1,4,3,0,3,1,1,4,2,8,3,1,1,1002,101,83,13,33,14
10,0,3,3,644,1,3,5,2,18200,1,11,3,3,80,1,32,2,3,32,5,10,7,2,3,2,1,9,3,1,1,1003,101,95,13,33,42
9,0,4,3,1363,4,3,3,4,7898,1,11,3,3,80,0,11,2,3,10,9,0,8,1,1,1,1,1,2,1,1,904,94,13,13,33,10
5,0,3,2,690,2,3,2,3,5561,1,14,3,1,80,1,6,5,2,6,0,1,2,1,2,2,2,3,3,1,1,503,52,32,13,33,16
10,0,5,3,1352,3,3,4,2,14026,1,11,3,2,80,1,33,2,3,33,9,0,10,1,3,1,1,9,1,1,2,1005,103,94,23,33,43
6,1,5,2,1939,1,4,1,3,2432,3,14,3,1,80,0,8,2,3,4,1,0,3,2,1,1,2,4,2,1,2,605,61,41,23,43,4
8,1,2,4,927,2,1,1,4,2778,4,13,3,3,80,1,10,1,2,7,7,1,0,1,1,1,2,2,1,1,2,802,82,21,23,13,17
10,0,3,3,303,4,3,2,1,5940,2,14,3,4,80,1,16,4,3,6,2,0,5,1,2,6,2,3,3,1,1,1003,104,32,13,33,16
4,0,17,2,643,4,2,1,2,2127,1,21,4,4,80,1,1,2,3,1,0,0,0,1,1,3,1,2,3,1,1,417,44,21,14,24,11
6,0,16,1,1479,4,3,2,3,5301,8,15,3,3,80,2,4,2,2,2,1,2,2,1,2,1,1,3,3,1,1,616,64,32,13,33,22
5,0,5,2,369,2,4,2,1,4000,1,12,3,4,80,2,6,2,3,6,3,1,5,3,1,1,1,5,1,1,1,505,52,52,13,43,26
10,0,1,3,249,3,2,1,3,3690,2,15,3,4,80,1,5,2,2,3,2,0,2,1,1,2,1,2,3,1,1,1001,103,21,13,23,13
6,0,13,3,1234,3,2,1,2,2743,1,20,4,3,80,1,2,2,3,2,2,2,2,2,1,3,2,2,3,1,1,613,63,21,14,24,12
8,0,22,3,1392,4,3,2,4,5467,3,14,3,1,80,2,12,4,2,6,2,3,3,2,1,1,2,4,1,1,2,822,84,42,23,33,26
6,0,9,2,195,4,1,2,4,4668,0,17,3,4,80,3,9,2,4,8,7,0,7,2,2,2,1,3,1,1,1,609,64,32,13,13,38
6,0,4,3,1882,3,3,3,4,9713,2,13,3,4,80,3,9,3,3,5,3,1,0,1,2,1,1,3,3,1,2,604,63,33,23,33,35
6,0,1,4,1580,2,3,2,4,5484,9,17,3,2,80,1,9,3,2,2,2,2,1,1,1,1,1,4,3,1,1,601,62,42,13,33,12
6,0,9,2,1298,3,3,2,3,4695,7,18,3,3,80,0,10,3,3,8,4,1,7,3,1,2,2,1,2,1,2,609,63,12,23,33,8
10,0,2,4,1061,2,3,5,3,19237,2,11,3,4,80,1,29,2,2,8,1,7,7,1,1,2,1,8,3,1,2,1002,102,85,23,33,18
8,0,6,4,661,2,2,4,4,16627,4,14,3,3,80,1,21,3,2,1,0,0,0,1,1,3,1,8,1,1,2,806,82,84,23,23,11
5,0,3,3,1581,1,3,1,4,2061,1,21,4,1,80,0,1,5,3,1,0,0,0,1,1,1,2,4,3,1,1,503,51,41,14,34,1
10,1,8,4,433,3,2,2,2,4941,2,15,3,1,80,0,11,3,2,8,2,7,7,1,1,2,1,4,3,1,1,1008,103,42,13,23,8
8,0,4,2,1288,3,4,5,1,19190,1,14,3,4,80,2,26,4,2,25,9,14,13,1,1,1,1,9,1,1,1,804,83,95,13,43,45
10,0,8,3,897,1,3,4,4,11836,5,14,3,3,80,1,28,3,3,2,0,2,2,1,2,6,1,3,3,1,1,1008,101,34,13,33,12
10,0,11,3,226,3,3,5,2,19926,3,15,3,2,80,0,21,5,3,5,4,4,4,1,1,1,2,9,2,1,1,1011,103,95,13,33,5
9,0,10,3,1867,4,2,5,2,19665,4,12,3,4,80,0,29,3,3,22,10,12,9,1,1,1,1,8,3,1,1,910,94,85,13,23,22
6,0,5,4,338,3,2,1,4,2911,1,13,3,3,80,1,2,2,2,2,2,0,2,1,1,1,2,4,3,1,1,605,63,41,13,23,12
10,0,11,4,813,4,3,2,3,3149,8,20,4,2,80,1,9,3,3,5,2,1,4,1,1,1,2,2,3,1,1,1011,104,22,14,34,15
9,0,2,4,38,2,3,5,1,18947,3,12,3,4,80,0,22,2,2,2,2,2,1,1,2,6,2,9,2,1,1,902,92,95,13,33,2
6,0,10,4,1615,3,4,2,4,4724,1,13,3,1,80,1,9,3,3,9,7,7,2,2,1,1,1,1,1,1,1,610,63,12,13,43,19
6,1,29,4,1101,1,2,2,3,4508,1,22,4,2,80,0,14,4,3,13,7,3,8,2,1,2,2,4,2,1,1,629,61,42,14,24,13
5,0,2,3,1296,4,2,1,4,3867,1,12,3,2,80,1,2,2,3,2,2,2,2,2,1,1,1,2,3,1,2,502,54,21,23,23,12
8,0,7,2,1085,2,4,1,3,3376,1,13,3,3,80,0,10,3,3,10,6,0,8,1,1,4,2,4,3,1,1,807,82,41,13,43,10
8,0,2,4,1849,1,3,2,4,5675,1,20,4,3,80,1,7,5,3,7,7,7,7,2,2,1,1,3,3,1,1,802,81,32,14,34,17
7,0,1,3,1564,4,2,1,1,2450,1,19,3,2,80,0,3,3,3,3,0,1,2,1,1,2,1,2,2,1,1,701,74,21,13,23,3
6,0,2,4,1324,4,3,3,3,9852,1,19,3,1,80,1,10,5,2,10,8,9,6,3,2,1,2,3,1,1,2,602,64,33,23,33,20
7,0,2,3,1675,4,2,1,2,2440,1,22,4,2,80,0,4,3,3,4,3,3,3,2,1,2,2,2,2,1,1,702,74,21,14,24,4
6,0,1,3,969,2,2,2,4,6949,0,14,3,1,80,0,6,3,3,5,0,1,4,1,1,1,2,5,2,1,1,601,62,52,13,23,5
8,0,2,1,1496,2,3,3,3,10209,5,18,3,2,80,0,16,2,2,2,2,2,2,2,1,2,1,1,2,1,2,802,82,13,23,33,2
4,0,11,2,26,1,4,2,3,4011,0,18,3,4,80,1,5,5,2,4,2,1,3,3,1,3,2,1,1,1,1,411,41,12,13,43,14
8,1,20,2,248,2,3,1,2,3140,1,22,4,4,80,0,4,5,2,4,3,0,2,1,2,6,2,7,2,1,2,820,82,71,24,34,4
8,0,1,3,1349,3,3,2,1,4103,0,17,3,4,80,1,10,2,3,9,3,1,7,2,2,6,2,3,1,1,1,801,83,32,13,33,19
9,0,3,3,746,4,3,4,3,13770,9,12,3,4,80,2,28,2,2,22,2,11,13,2,2,2,2,3,1,1,2,903,94,34,23,33,42
6,0,19,3,1285,3,3,2,2,4444,4,13,3,3,80,2,15,2,4,11,8,5,10,2,1,2,2,2,1,1,1,619,63,22,13,33,31
8,0,3,3,894,3,4,2,4,5231,2,13,3,2,80,1,17,1,2,5,3,1,3,1,1,1,2,2,3,1,2,803,83,22,23,43,15
7,0,1,4,380,1,3,3,4,13603,2,18,3,1,80,2,15,2,3,5,2,0,2,3,1,2,2,8,1,1,2,701,71,83,23,33,25
7,0,4,2,2025,4,3,2,2,5131,7,13,3,2,80,3,18,3,3,4,2,0,2,2,1,1,2,1,1,1,1,704,74,12,13,33,34
8,0,11,3,1971,1,3,3,3,7510,1,17,3,2,80,1,10,1,3,10,9,0,9,1,1,1,1,5,3,1,1,811,81,53,13,33,20
6,0,25,3,1220,2,3,2,3,4539,1,12,3,1,80,1,10,3,2,10,7,0,1,2,2,2,2,3,3,1,1,625,62,32,13,33,20
6,1,16,4,1761,1,3,3,3,8161,2,13,3,1,80,3,10,2,3,1,0,0,0,1,2,6,1,3,3,1,1,616,61,33,13,33,31
6,0,2,1,1974,4,1,1,4,1129,1,11,3,3,80,3,1,4,3,1,0,0,0,1,1,2,2,2,1,1,2,602,64,21,23,13,31
11,1,13,4,1372,1,4,4,3,13695,6,17,3,3,80,0,24,2,2,19,7,3,8,1,2,6,1,3,2,1,2,1113,111,34,23,43,19
6,0,29,4,2010,3,2,1,2,2837,1,13,3,3,80,0,6,3,3,6,2,4,1,1,1,1,2,2,2,1,1,629,63,21,13,23,6
7,1,6,4,133,3,3,1,1,2073,4,22,4,4,80,0,7,3,3,3,2,0,2,1,3,5,1,6,1,1,2,706,73,61,24,34,3
6,0,9,3,184,3,3,2,4,6347,0,19,3,4,80,0,12,2,1,11,9,4,7,1,3,5,1,6,3,1,2,609,63,62,23,33,11
4,0,13,2,1495,4,3,1,2,2033,1,13,3,3,80,1,1,2,3,1,0,0,0,3,2,1,2,7,3,1,1,413,44,71,13,33,11
5,0,1,2,792,1,1,1,4,4364,3,14,3,1,80,1,5,2,3,2,2,2,0,2,1,1,2,2,1,1,1,501,51,21,13,13,12
6,1,6,1,31,2,3,1,1,2960,2,11,3,3,80,0,8,2,3,4,2,1,3,1,1,2,1,4,2,1,1,606,62,41,13,33,4
4,0,4,1,1735,3,3,1,2,3295,1,13,3,3,80,0,3,3,1,3,2,1,2,1,1,2,2,2,2,1,1,404,43,21,13,33,3
6,0,8,4,677,3,3,2,3,7104,0,12,3,4,80,0,6,3,3,5,0,1,2,1,2,6,1,3,1,1,1,608,63,32,13,33,5
6,0,2,4,216,3,3,1,3,2231,6,18,3,4,80,1,6,3,3,4,3,1,2,2,2,6,2,7,3,1,1,602,63,71,13,33,14
10,0,3,3,1786,1,3,3,3,13116,2,11,3,4,80,0,15,2,3,2,2,2,2,1,1,4,2,9,3,1,1,1003,101,93,13,33,2
11,0,3,3,10,3,4,1,1,2670,4,20,4,1,80,3,12,3,2,1,0,0,0,1,1,2,2,2,3,1,2,1103,113,21,24,44,31
6,0,8,5,1430,1,3,4,2,16422,3,11,3,3,80,0,9,3,4,3,2,1,0,1,1,1,2,8,2,1,1,608,61,84,13,33,3
5,0,29,2,618,1,3,2,3,4306,5,12,3,1,80,2,8,5,3,0,0,0,0,1,2,2,1,3,1,1,1,529,51,32,13,33,20
6,0,19,3,1739,4,1,3,3,9610,3,13,3,3,80,1,10,2,1,4,3,0,2,1,2,1,1,3,3,1,1,619,64,33,13,13,14
5,0,19,3,1619,4,2,1,1,4066,1,11,3,1,80,2,7,3,3,7,7,0,7,1,1,3,1,2,1,1,1,519,54,21,13,23,27
8,0,26,2,1180,3,2,2,4,4422,3,13,3,4,80,1,16,3,1,1,1,0,0,2,1,2,2,4,3,1,2,826,83,42,23,23,11
9,0,8,4,1080,4,2,2,1,4615,8,23,4,1,80,3,19,2,3,16,13,1,7,1,1,1,2,4,1,1,2,908,94,42,24,24,46
10,0,5,3,32,3,3,5,3,19094,4,11,3,4,80,1,26,3,2,14,13,4,8,1,1,3,2,9,1,1,1,1005,103,95,13,33,24
7,0,25,4,1014,3,3,3,3,10388,1,11,3,3,80,1,16,3,2,16,10,10,1,1,1,2,2,5,1,1,2,725,73,53,23,33,26
6,0,28,3,2035,4,2,2,3,6712,1,21,4,4,80,2,8,2,3,8,7,1,7,1,2,6,2,3,3,1,1,628,64,32,14,24,28
7,0,18,2,1322,1,3,2,3,4534,0,11,3,1,80,0,9,6,3,8,7,1,7,1,1,1,1,1,2,1,1,718,71,12,13,33,8
7,1,9,3,90,4,2,1,3,3388,0,17,3,1,80,1,2,0,2,1,0,0,0,1,1,2,1,4,3,1,2,709,74,41,23,23,11
5,0,10,3,1650,3,2,2,3,5869,9,11,3,3,80,0,8,2,3,5,2,1,4,1,2,2,1,3,2,1,1,510,53,32,13,23,5
7,0,6,2,178,2,3,2,2,4941,6,20,4,4,80,2,7,0,3,3,2,0,1,1,1,2,1,1,1,1,1,706,72,12,14,34,23
5,0,4,3,933,2,3,1,3,2318,1,19,3,3,80,0,1,2,3,1,1,0,0,1,1,1,2,4,2,1,1,504,52,41,13,33,1
7,0,28,3,1596,2,4,2,3,3407,1,17,3,4,80,2,10,3,2,10,9,6,8,1,1,1,1,2,3,1,1,728,72,22,13,43,30
6,0,7,4,1224,3,3,2,3,3491,1,13,3,1,80,3,10,4,2,10,7,8,9,1,1,1,1,2,1,1,1,607,63,22,13,33,40
9,1,2,3,1277,1,1,5,2,18824,2,16,3,1,80,0,26,2,3,24,10,1,11,1,2,6,2,9,2,1,2,902,91,95,23,13,24
5,1,12,1,1175,3,3,1,4,2515,1,11,3,4,80,0,1,4,2,1,1,0,0,1,1,1,2,2,3,1,2,512,53,21,23,33,1
6,0,2,4,579,4,2,1,3,2768,3,12,3,3,80,1,14,3,3,7,3,5,7,1,1,1,1,4,1,1,1,602,64,41,13,23,17
9,0,20,3,2046,4,3,2,3,4850,8,15,3,3,80,0,8,3,3,5,3,0,1,1,2,1,2,3,2,1,1,920,94,32,13,33,5
10,0,1,4,145,1,2,3,1,7484,3,20,4,3,80,0,23,1,2,13,12,12,8,2,1,2,2,5,2,1,1,1001,101,53,14,24,13
9,1,21,2,1821,4,3,2,2,8926,4,22,4,4,80,1,13,2,4,9,7,3,7,1,1,2,2,5,3,1,1,921,94,52,14,34,19
8,0,2,3,1547,4,3,3,4,10124,2,14,3,3,80,1,24,3,1,20,8,13,9,2,1,1,1,5,3,1,2,802,84,53,23,33,30
6,1,20,3,587,1,3,3,3,9824,3,12,3,1,80,0,12,2,3,1,0,0,0,2,1,1,1,5,3,1,1,620,61,53,13,33,1
9,0,2,4,1228,4,3,2,4,7379,2,11,3,3,80,1,12,3,2,6,3,1,4,1,1,4,1,1,1,1,1,902,94,12,13,33,16
8,0,4,1,253,4,3,5,3,19033,1,14,3,2,80,1,21,2,3,20,8,9,9,1,1,2,2,9,3,1,1,804,84,95,13,33,30
7,0,3,3,397,3,3,2,2,4485,4,12,3,4,80,0,10,2,3,8,0,7,7,1,1,4,1,4,2,1,1,703,73,42,13,33,8
10,0,29,4,569,2,2,4,3,17046,0,15,3,2,80,1,28,2,3,27,10,15,7,1,1,1,1,9,3,1,1,1029,102,94,13,23,37
6,0,7,3,1482,3,3,1,3,1274,1,13,3,2,80,2,1,2,2,1,0,0,0,3,1,4,1,4,1,1,1,607,63,41,13,33,21
6,0,5,2,1696,2,2,2,4,3986,1,14,3,3,80,1,15,3,4,15,10,4,13,1,1,2,1,2,3,1,1,605,62,22,13,23,25
10,0,10,3,1980,3,3,2,1,4440,6,19,3,4,80,0,9,3,3,5,2,1,4,1,1,2,2,1,2,1,2,1010,103,12,23,33,5
11,0,29,3,568,1,2,4,4,14118,3,12,3,3,80,1,32,3,2,1,0,0,0,1,2,6,1,9,1,1,1,1129,111,94,13,23,11
6,0,16,3,1681,3,3,2,4,5368,1,25,4,3,80,1,7,2,3,6,5,1,2,3,2,1,2,3,1,1,2,616,63,32,24,34,16
10,0,6,2,1297,2,2,1,3,2838,0,14,3,2,80,0,8,6,2,7,0,7,7,2,1,2,2,2,2,1,1,1006,102,21,13,23,7
8,0,14,3,227,1,3,1,3,2451,4,12,3,1,80,1,13,2,3,9,8,1,8,1,1,1,1,4,1,1,1,814,81,41,13,33,19
4,1,10,3,1079,3,2,1,1,1416,1,13,3,1,80,0,1,6,2,1,0,1,0,1,1,1,2,2,2,1,1,410,43,21,13,23,1
10,0,17,5,1656,4,2,3,1,13269,5,15,3,3,80,3,19,3,3,14,11,1,11,1,1,1,2,8,1,1,1,1017,104,83,13,23,44
4,1,1,1,478,1,2,1,2,2174,1,11,3,3,80,0,3,3,3,3,2,1,2,2,2,4,2,7,2,1,2,401,41,71,23,23,3
6,0,15,2,2009,2,3,2,4,4878,0,13,3,1,80,1,10,6,3,9,7,8,1,1,1,2,2,5,3,1,2,615,62,52,23,33,19
7,0,3,4,1036,2,3,2,4,6861,8,12,3,3,80,0,19,1,3,1,0,0,0,1,2,1,1,3,2,1,2,703,72,32,23,33,1
9,0,20,2,372,3,3,4,4,13496,0,14,3,2,80,0,21,2,3,20,7,4,10,1,1,2,1,5,3,1,2,920,93,54,23,33,20
9,0,25,3,1993,1,3,3,3,8633,2,23,4,2,80,0,25,3,3,17,14,12,11,1,1,2,1,5,2,1,1,925,91,53,14,34,17
9,0,2,2,264,1,2,4,4,16792,9,23,4,4,80,1,22,1,3,20,8,11,8,3,1,2,1,9,3,1,1,902,91,94,14,24,30
8,0,1,4,2012,1,3,1,4,2406,8,19,3,3,80,2,8,3,2,1,0,0,0,1,1,1,1,2,3,1,1,801,81,21,13,33,21
8,0,23,2,1678,4,3,3,3,7082,3,16,3,4,80,0,21,2,3,2,0,0,2,1,2,1,1,3,2,1,2,823,84,33,23,33,2
10,0,2,3,1050,3,2,3,2,7525,2,12,3,1,80,1,30,2,3,15,7,6,12,2,2,6,2,3,3,1,1,1002,103,33,13,23,25
10,0,2,3,815,3,3,4,3,17639,5,16,3,4,80,0,30,3,3,4,3,0,3,1,1,2,1,8,3,1,1,1002,103,84,13,33,4
7,0,2,3,909,4,2,2,4,5204,8,11,3,3,80,2,13,2,3,5,4,0,4,1,3,1,2,6,3,1,1,702,74,62,13,23,25
6,0,16,1,1729,2,3,1,4,2862,1,12,3,2,80,1,10,2,2,10,0,0,8,1,1,1,1,4,3,1,1,616,62,41,13,33,20
5,0,29,1,1514,3,1,2,2,6549,1,14,3,2,80,2,8,2,2,8,6,1,7,1,1,1,1,1,3,1,1,529,53,12,13,13,28
8,0,10,4,483,4,4,1,3,2213,3,13,3,3,80,1,10,3,3,7,7,1,7,1,1,1,2,2,3,1,2,810,84,21,23,43,17
6,0,7,1,585,4,3,1,2,2983,0,14,3,1,80,0,4,3,3,3,2,1,2,1,2,6,1,7,2,1,1,607,64,71,13,33,3
7,0,2,4,771,4,3,2,1,5093,2,11,3,1,80,1,16,2,4,1,0,0,0,3,1,1,2,5,1,1,1,702,74,52,13,33,11
8,0,20,3,1475,4,3,1,2,3420,1,13,3,3,80,0,6,3,2,5,2,1,3,1,1,1,1,4,2,1,1,820,84,41,13,33,5
7,0,18,5,74,2,3,3,1,9069,1,22,4,4,80,1,9,3,2,9,8,1,8,2,2,1,1,3,3,1,1,718,72,33,14,34,19
5,0,3,1,879,3,3,2,1,4194,1,18,3,4,80,0,5,3,3,5,3,0,3,1,2,3,1,3,3,1,2,503,53,32,23,33,5
7,0,1,3,1196,4,2,2,4,6474,1,13,3,2,80,1,14,2,2,14,8,3,11,1,1,1,2,1,3,1,1,701,74,12,13,23,24
10,0,1,2,976,4,3,4,4,17099,2,15,3,2,80,1,26,2,2,9,8,7,8,1,1,1,1,9,3,1,1,1001,104,94,13,33,19
6,0,20,3,1265,3,4,1,3,2585,0,17,3,4,80,0,2,5,2,1,0,0,0,1,1,4,2,4,3,1,1,620,63,41,13,43,1
7,0,1,3,743,3,3,3,3,7861,4,14,3,4,80,0,10,4,4,1,0,0,0,1,1,1,2,1,2,1,2,701,73,13,23,33,1
4,0,8,1,1019,2,1,1,1,2451,1,15,3,1,80,1,4,3,2,4,3,1,1,1,1,1,1,2,3,1,1,408,42,21,13,13,14
8,0,14,3,1128,3,2,5,3,19626,1,14,3,1,80,0,21,2,4,20,7,4,9,1,1,2,1,8,2,1,1,814,83,85,13,23,20
7,0,10,4,592,2,3,3,4,9980,1,14,3,4,80,0,10,3,2,10,3,9,7,3,2,2,1,3,2,1,1,710,72,33,13,33,10
7,0,13,4,1307,3,2,4,2,17123,6,13,3,4,80,2,21,4,3,19,9,15,2,1,1,2,2,9,1,1,2,713,73,94,23,23,39
5,0,1,1,1068,1,2,1,3,2007,1,13,3,3,80,2,5,5,3,5,3,1,3,2,1,2,2,4,1,1,1,501,51,41,13,23,25
5,0,8,2,2018,1,3,2,3,4907,0,22,4,2,80,1,6,3,2,5,3,0,4,1,2,3,2,3,1,1,2,508,51,32,24,34,15
7,0,8,4,990,1,3,2,4,5079,4,13,3,4,80,2,12,3,3,7,7,0,7,3,2,4,1,3,1,1,1,708,71,32,13,33,27
7,0,7,4,709,4,2,2,4,4028,0,20,4,1,80,0,8,2,3,7,7,0,5,1,2,6,2,3,2,1,1,707,74,32,14,24,7
8,0,1,5,1481,1,3,2,3,4768,7,12,3,3,80,1,11,4,2,1,0,0,0,2,2,6,2,3,3,1,1,801,81,32,13,33,11
6,0,1,1,1011,3,3,2,1,4148,1,12,3,3,80,1,4,1,3,4,3,0,3,2,1,1,2,1,3,1,1,601,63,12,13,33,14
6,1,13,4,650,2,3,2,1,4233,2,17,3,3,80,0,9,2,1,3,1,1,2,1,2,2,1,3,1,1,1,613,62,32,13,33,3
5,0,3,1,714,4,4,2,4,4647,1,20,4,2,80,2,6,3,3,6,5,0,4,2,2,2,2,3,1,1,2,503,54,32,24,44,26
11,0,7,3,112,4,1,3,4,7260,4,11,3,1,80,0,37,3,2,6,4,0,2,1,1,1,1,1,2,1,1,1107,114,13,13,13,6
11,0,18,4,1034,3,3,2,2,6385,3,14,3,4,80,2,17,3,3,8,7,6,7,2,1,2,1,5,3,1,2,1118,113,52,23,33,28
7,0,25,2,1397,3,3,3,3,10920,3,21,4,2,80,1,13,2,3,6,4,0,5,3,1,1,1,5,3,1,1,725,73,53,14,34,16
7,0,4,1,1394,3,3,1,3,2996,7,15,3,4,80,0,8,2,3,6,4,1,3,1,1,1,1,4,3,1,2,704,73,41,23,33,6
7,0,9,2,699,2,2,2,2,8847,2,11,3,3,80,1,13,2,3,3,2,0,2,1,1,2,1,1,1,1,2,709,72,12,23,23,13
7,0,11,3,1411,1,3,1,3,3629,4,18,3,1,80,0,8,6,3,3,2,0,2,1,1,2,2,2,2,1,1,711,71,21,13,33,3
6,0,1,3,1535,4,2,3,3,7083,1,14,3,4,80,0,10,3,3,10,9,8,6,1,2,4,1,3,3,1,2,601,64,33,23,23,10
8,0,6,3,601,2,3,4,3,13237,7,15,3,3,80,0,22,3,3,20,6,5,13,1,1,1,2,1,2,1,1,806,82,14,13,33,20
7,0,10,4,1563,3,3,2,3,6077,3,11,3,3,80,0,10,2,3,6,3,1,2,2,3,5,1,6,3,1,1,710,73,62,13,33,6
6,0,3,3,1658,4,3,2,2,5433,1,12,3,3,80,1,11,2,3,11,8,7,9,1,1,1,2,4,1,1,1,603,64,42,13,33,21
11,0,1,1,91,1,2,2,3,5473,7,11,3,4,80,0,20,2,2,4,3,1,3,2,2,1,2,3,2,1,1,1101,111,32,13,23,4
7,0,4,4,1185,4,2,1,4,2376,1,13,3,2,80,1,2,2,4,2,2,2,2,2,1,3,1,2,3,1,1,704,74,21,13,23,12
7,1,3,2,445,4,3,2,3,5238,4,18,3,1,80,0,12,3,2,1,0,0,0,1,2,2,2,3,3,1,2,703,74,32,23,33,1
5,0,16,2,412,2,4,2,1,5661,0,19,3,3,80,0,9,2,3,8,3,0,7,1,1,2,1,5,2,1,1,516,52,52,13,43,8
5,0,13,1,645,2,3,1,3,2096,1,11,3,3,80,0,7,1,3,7,4,0,6,1,2,2,1,7,3,1,1,513,52,71,13,33,7
5,0,9,4,1709,4,3,1,3,2974,9,17,3,3,80,1,9,2,3,5,3,1,2,1,1,2,2,2,3,1,1,509,54,21,13,33,15
9,0,23,2,1002,4,3,2,1,3633,1,15,3,3,80,1,9,2,3,9,8,0,8,3,1,1,1,2,3,1,2,923,94,22,23,33,19
7,0,10,2,715,4,4,1,4,4680,3,17,3,1,80,0,4,2,3,1,0,0,0,1,1,1,1,4,2,1,1,710,74,41,13,43,1
9,0,28,3,1546,4,3,1,4,2132,4,20,4,4,80,1,8,3,3,5,4,0,3,1,1,4,1,4,3,1,1,928,94,41,14,34,15
6,0,2,3,1756,4,3,2,2,5147,8,15,3,4,80,0,13,2,2,11,7,1,7,3,2,6,2,3,2,1,1,602,64,32,13,33,11
6,0,1,5,683,2,3,1,4,2691,1,12,3,4,80,1,10,4,2,10,9,8,8,1,1,1,1,4,3,1,1,601,62,41,13,33,20
11,0,9,3,1071,1,3,1,3,2942,2,19,3,2,80,1,18,4,3,5,4,0,3,2,1,2,2,4,3,1,1,1109,111,41,13,33,15
6,1,5,3,1017,2,3,1,2,2422,0,17,3,1,80,0,4,3,3,3,2,1,2,2,1,2,2,2,2,1,1,605,62,21,13,33,3
8,0,7,2,1025,4,3,2,3,5003,6,14,3,2,80,0,8,6,3,2,2,2,1,1,1,2,2,1,2,1,1,807,84,12,13,33,2
9,0,6,1,1661,3,2,4,3,13966,2,19,3,2,80,1,30,3,3,15,11,2,12,1,1,1,2,5,3,1,2,906,93,54,23,23,25
3,0,3,1,201,2,3,1,2,1483,1,14,3,4,80,0,1,3,3,1,0,0,0,1,1,2,2,2,2,1,1,303,32,21,13,33,1
9,0,11,2,1045,4,3,4,4,17650,3,13,3,2,80,1,26,4,4,9,3,1,1,1,2,1,2,9,3,1,1,911,94,94,13,33,19
8,0,17,3,1206,4,1,1,3,2290,2,13,3,4,80,0,6,3,3,0,0,0,0,3,1,1,1,4,2,1,1,817,84,41,13,13,0
5,0,10,3,766,4,3,1,2,2297,1,14,3,4,80,2,2,2,3,2,2,2,2,1,2,6,1,7,1,1,1,510,54,71,13,33,22
7,0,11,2,1137,4,3,2,4,4968,1,11,3,4,80,1,5,3,3,5,2,0,2,2,2,6,1,3,1,1,1,711,74,32,13,33,15
10,0,6,3,769,4,3,2,4,2450,2,17,3,4,80,0,19,4,3,2,2,2,2,1,1,1,1,2,2,1,1,1006,104,22,13,33,2
4,1,10,2,1279,1,2,1,3,2625,1,20,4,3,80,0,2,2,1,2,2,2,2,2,1,1,2,2,2,1,1,410,41,21,14,24,2
5,0,6,3,1918,3,4,1,4,2544,0,18,3,1,80,1,8,3,3,7,7,7,7,2,1,3,1,2,3,1,1,506,53,21,13,43,17
9,0,7,4,487,3,3,2,3,5258,2,14,3,3,80,0,7,2,4,1,0,0,0,3,1,2,2,1,3,1,1,907,93,12,13,33,1
9,0,2,2,820,3,3,4,4,16752,1,11,3,3,80,1,26,3,2,26,14,3,0,1,1,3,2,9,3,1,2,902,93,94,23,33,36
9,0,6,3,302,4,2,3,4,8865,6,12,3,4,80,0,23,2,3,19,7,12,8,3,2,2,2,3,2,1,1,906,94,33,13,23,19
8,0,2,3,2031,1,3,5,3,18880,5,11,3,1,80,0,24,2,2,22,6,4,14,1,1,1,1,9,3,1,1,802,81,95,13,33,22
4,0,24,3,1173,4,3,1,2,3597,8,22,4,4,80,0,6,2,3,4,3,1,2,1,1,2,1,2,2,1,1,424,44,21,14,34,4
10,0,2,3,408,4,1,2,2,5482,5,18,3,4,80,1,13,3,3,4,1,1,2,1,1,2,1,1,1,1,1,1002,104,12,13,13,14
8,0,2,4,1212,2,3,2,2,4327,5,12,3,4,80,3,5,2,3,0,0,0,0,2,2,2,1,3,3,1,1,802,82,32,13,33,30
7,0,21,4,1929,1,1,2,3,5736,6,19,3,3,80,1,10,1,3,3,2,1,2,3,2,1,2,3,3,1,1,721,71,32,13,13,13
7,0,27,1,856,3,2,1,1,2559,1,11,3,4,80,0,6,3,2,6,5,1,1,1,1,2,2,4,2,1,1,727,73,41,13,23,6
9,0,9,3,206,2,3,2,2,2348,8,18,3,3,80,1,20,2,1,17,9,0,15,1,1,1,1,2,1,1,1,909,92,22,13,33,27
7,0,7,3,1362,1,4,2,1,4639,2,16,3,4,80,1,17,2,2,15,7,6,13,2,2,6,2,3,3,1,1,707,71,32,13,43,25
5,0,1,1,449,3,3,2,2,6349,0,13,3,4,80,1,6,0,3,5,4,1,4,3,2,6,1,3,3,1,2,501,53,32,23,33,15
6,1,12,4,648,2,2,1,1,2033,1,18,3,3,80,1,1,2,4,1,0,0,0,2,2,1,1,7,3,1,1,612,62,71,13,23,11
6,0,7,3,1114,4,3,2,2,4302,0,17,3,3,80,1,4,3,3,3,2,0,2,2,2,1,2,3,3,1,1,607,64,32,13,33,13
7,0,2,4,721,4,2,2,3,4553,1,11,3,1,80,0,20,4,3,20,7,11,10,1,1,4,2,5,2,1,1,702,74,52,13,23,20
6,0,8,2,1015,2,4,3,1,11416,0,12,3,3,80,3,9,4,2,8,7,1,7,1,1,1,2,8,3,1,2,608,62,83,23,43,38
8,0,2,3,1703,3,4,3,4,7879,1,19,3,2,80,1,9,2,3,8,7,6,7,1,1,1,2,5,3,1,2,802,83,53,23,43,18
5,0,8,3,56,4,3,3,3,8726,1,15,3,4,80,0,9,0,3,9,8,1,7,2,2,1,1,3,2,1,1,508,54,33,13,33,9
7,0,10,3,1028,2,3,1,4,3917,1,20,4,1,80,1,3,4,2,3,2,1,2,1,1,3,1,2,1,1,1,710,72,21,14,34,13
5,1,16,4,394,1,3,1,2,2373,2,13,3,4,80,1,5,2,3,3,2,0,2,1,1,2,1,2,1,1,2,516,51,21,23,33,13
10,1,2,1,1038,1,1,5,4,19845,1,15,3,4,80,1,33,3,3,32,14,6,9,1,2,6,2,9,3,1,1,1002,101,95,13,13,42
6,0,4,4,1502,1,2,1,2,3838,8,11,3,4,80,0,8,5,3,5,4,0,2,1,1,2,2,2,3,1,1,604,61,21,13,23,5
8,1,9,3,1188,1,1,2,3,5346,8,13,3,2,80,0,7,2,2,4,3,1,3,1,2,6,2,3,2,1,1,809,81,32,13,13,4
9,0,4,5,1644,3,2,4,4,15202,2,25,4,2,80,1,23,3,3,2,2,2,2,2,1,2,1,9,3,1,1,904,93,94,14,24,12
8,0,5,3,1267,2,3,5,2,18213,7,11,3,3,80,1,26,5,3,22,9,3,10,1,2,6,1,9,3,1,1,805,82,95,13,33,32
8,0,10,4,1854,3,3,1,3,2936,3,22,4,2,80,2,10,1,2,6,3,3,3,3,1,4,1,4,3,1,1,810,83,41,14,34,26
6,0,4,4,523,3,3,2,3,6538,9,15,3,1,80,1,6,3,3,3,2,1,2,3,2,6,2,3,3,1,1,604,63,32,13,33,13
6,1,1,3,1331,4,3,1,2,2302,1,11,3,1,80,0,3,2,4,3,2,2,2,2,2,1,2,7,2,1,2,601,64,71,23,33,3
8,0,8,4,874,1,4,1,4,2818,2,24,4,3,80,1,10,2,2,3,2,0,2,1,1,1,1,2,3,1,2,808,81,21,24,44,13
6,0,17,3,992,4,3,4,3,17444,1,11,3,4,80,0,10,2,3,10,8,6,0,3,2,1,1,9,2,1,1,617,64,94,13,33,10
5,1,17,4,1405,4,3,1,3,2394,1,13,3,4,80,0,8,2,3,8,2,7,7,1,1,1,2,4,2,1,2,517,54,41,23,33,8
6,0,9,3,1344,4,3,3,4,8500,0,11,3,4,80,1,10,0,2,9,7,1,6,1,1,1,1,5,1,1,1,609,64,53,13,33,19
5,0,2,1,1513,4,3,1,2,3180,0,13,3,3,80,3,4,3,3,3,2,0,2,2,1,1,2,2,3,1,1,502,54,21,13,33,33
8,1,24,3,986,2,4,4,2,13194,4,16,3,4,80,0,22,2,2,1,0,0,0,3,2,1,2,3,2,1,2,824,82,34,23,43,1
7,0,5,4,1651,2,3,3,1,8008,4,12,3,3,80,2,9,6,3,3,2,0,2,1,1,1,2,5,3,1,1,705,72,53,13,33,23
7,0,2,3,49,4,3,1,4,2014,1,13,3,1,80,0,2,3,3,2,2,2,2,1,2,6,2,7,3,1,1,702,74,71,13,33,2
5,1,4,1,1106,4,3,1,4,3691,1,15,3,2,80,1,7,3,4,7,7,5,6,1,1,4,1,2,3,1,2,504,54,21,23,33,17
4,1,18,1,923,4,3,1,4,2693,1,19,3,1,80,0,1,3,2,1,0,0,0,1,1,3,2,4,2,1,1,418,44,41,13,33,1
5,1,24,3,1928,3,4,1,1,1091,1,17,3,4,80,0,1,3,3,1,0,0,0,2,2,4,1,7,2,1,1,524,53,71,13,43,1
7,0,1,3,950,4,3,3,1,13582,1,13,3,2,80,1,15,3,3,15,12,5,11,1,1,4,2,8,3,1,1,701,74,83,13,33,25
7,0,2,4,343,3,3,3,3,10938,0,25,4,4,80,0,20,1,3,19,6,11,8,2,1,4,2,5,2,1,1,702,73,53,14,34,19
8,0,15,2,1666,3,2,4,3,17603,1,24,4,1,80,1,14,3,3,14,10,6,11,1,1,1,1,8,3,1,1,815,83,84,14,24,24
5,0,2,1,1992,4,3,1,3,3977,6,19,3,3,80,1,7,2,2,2,2,0,2,1,1,3,1,2,1,1,2,502,54,21,23,33,12
11,0,10,4,131,4,3,4,3,13872,0,13,3,3,80,0,38,1,2,37,10,1,8,1,2,2,1,3,2,1,1,1110,114,34,13,33,37
8,0,14,2,936,3,2,2,3,6244,7,17,3,1,80,0,10,6,3,5,4,0,3,1,2,2,2,3,2,1,1,814,83,32,13,23,5
6,0,2,1,198,2,2,1,4,2720,0,13,3,4,80,0,6,3,3,5,3,1,2,1,1,2,1,2,2,1,1,602,62,21,13,23,5
7,0,9,4,2008,2,3,2,3,5098,1,19,3,2,80,0,10,5,3,10,7,0,8,1,1,2,1,4,2,1,1,709,72,42,13,33,10
5,1,24,3,1604,3,3,1,2,2408,1,17,3,3,80,3,1,3,3,1,1,0,0,1,1,2,1,2,3,1,2,524,53,21,23,33,31
5,0,10,3,1403,4,2,2,4,5769,1,11,3,4,80,0,6,3,3,6,2,4,4,1,2,6,2,3,3,1,2,510,54,32,23,23,6
5,0,10,2,733,4,3,3,1,8793,1,21,4,3,80,2,9,4,2,9,7,1,7,2,1,1,1,1,1,1,1,510,54,13,14,34,29
8,0,4,1,1815,3,3,3,3,10447,0,13,3,4,80,1,23,3,4,22,14,13,5,1,2,6,2,3,1,1,2,804,83,33,23,33,32
10,1,2,5,1572,3,2,3,4,10169,0,16,3,2,80,1,34,4,3,33,7,1,9,1,1,4,2,1,3,1,1,1002,103,13,13,23,43
7,0,25,2,652,1,2,2,4,3681,4,14,3,4,80,0,9,3,3,3,2,0,2,1,1,3,1,2,2,1,1,725,71,22,13,23,3
5,0,7,3,1693,4,3,1,4,2570,1,20,4,3,80,0,7,5,3,7,7,5,7,3,1,2,1,2,2,1,1,507,54,21,14,34,7
6,0,24,1,1736,4,3,2,4,5238,2,20,4,4,80,0,9,3,2,5,4,1,4,2,1,4,2,1,2,1,1,624,64,12,14,34,5
7,1,11,2,1033,1,1,2,2,4777,5,15,3,1,80,0,15,2,1,1,0,0,0,1,1,2,2,5,3,1,1,711,71,52,13,13,1
9,0,22,3,1900,4,3,4,4,17174,3,11,3,2,80,1,24,3,3,22,17,4,7,2,1,2,2,9,1,1,1,922,94,94,13,33,32
10,0,12,3,174,3,3,3,4,9208,4,11,3,4,80,0,16,3,3,2,2,2,1,2,2,6,2,3,2,1,1,1012,103,33,13,33,2
7,0,8,3,1937,4,2,2,2,2133,1,16,3,3,80,1,20,3,3,20,11,0,7,2,1,2,2,4,1,1,2,708,74,42,23,23,30
6,1,22,3,1004,1,3,1,3,2132,4,11,3,2,80,0,7,2,3,5,2,0,1,1,1,1,2,4,3,1,2,622,61,41,23,33,5
9,0,1,4,996,4,3,1,4,2270,3,14,3,4,80,2,8,2,3,5,3,0,2,1,1,2,2,2,1,1,1,901,94,21,13,33,25
8,0,9,3,1813,1,3,1,3,2438,4,13,3,3,80,0,7,2,2,3,2,1,2,3,1,1,1,4,2,1,1,809,81,41,13,33,3
5,0,10,3,1143,4,3,1,2,3291,0,14,3,4,80,2,8,2,2,7,5,1,1,2,1,1,2,4,1,1,1,510,54,41,13,33,27
10,0,2,2,981,3,3,4,3,14852,6,13,3,3,80,1,22,3,4,17,13,15,2,1,2,2,1,9,1,1,1,1002,103,94,13,33,27
9,0,3,2,1509,3,2,2,1,4789,4,25,4,1,80,1,10,3,3,3,2,1,2,1,1,2,2,2,3,1,1,903,93,22,14,24,13
9,0,4,3,1827,3,2,3,2,10333,8,12,3,3,80,1,28,4,3,22,11,14,10,1,1,1,2,1,1,1,2,904,93,13,23,23,32
4,0,9,3,1707,3,4,1,3,4401,1,16,3,4,80,1,5,1,3,5,3,0,4,1,1,2,1,4,3,1,1,409,43,41,13,43,15
8,0,9,4,200,3,3,1,1,2238,2,21,4,4,80,1,7,2,3,5,0,1,4,1,1,1,1,2,3,1,1,809,83,21,14,34,15
9,0,4,1,467,2,3,2,3,2976,3,19,3,1,80,0,5,3,3,0,0,0,0,2,2,2,1,7,2,1,1,904,92,72,13,33,0
6,0,4,2,330,3,3,1,2,3931,2,11,3,1,80,1,6,5,3,4,3,1,2,1,2,1,2,7,3,1,1,604,63,71,13,33,14
5,0,1,3,1952,3,3,1,1,2867,0,13,3,4,80,0,8,6,2,7,7,7,6,1,1,2,1,2,2,1,1,501,53,21,13,33,7
7,0,1,4,100,3,2,2,1,4312,0,14,3,2,80,0,16,2,3,15,13,2,8,1,2,6,1,3,2,1,1,701,73,32,13,23,15
6,0,18,3,194,1,3,1,3,2632,1,14,3,3,80,0,5,4,2,5,4,0,4,1,1,1,2,4,2,1,1,618,61,41,13,33,5
6,0,29,4,1568,3,3,3,2,9250,3,12,3,2,80,1,9,3,3,4,2,1,3,1,2,4,1,3,3,1,1,629,63,33,13,33,14
7,0,7,4,949,2,3,1,4,4678,2,18,3,3,80,0,8,6,3,6,2,0,1,1,1,3,1,4,2,1,1,707,72,41,13,33,6
6,0,5,3,456,4,2,2,3,6118,1,13,3,3,80,3,10,2,3,10,9,1,2,1,2,6,2,3,1,1,1,605,64,32,13,23,40
6,0,3,3,1478,4,1,2,1,4759,3,18,3,4,80,0,15,2,3,13,9,3,12,1,2,3,1,3,2,1,1,603,64,32,13,13,13
9,0,8,4,1138,4,2,4,2,13120,6,17,3,2,80,1,22,3,3,9,8,2,3,1,2,4,1,3,3,1,1,908,94,34,13,23,19
7,0,19,4,1871,4,3,2,4,3902,8,14,3,2,80,3,7,2,3,2,2,2,2,1,1,3,1,4,1,1,1,719,74,42,13,33,32
8,0,6,3,1866,1,2,5,3,19392,7,13,3,4,80,0,21,2,3,16,12,6,14,1,1,2,2,9,3,1,1,806,81,95,13,23,16
9,0,29,1,473,1,3,3,3,12504,3,21,4,2,80,1,15,3,1,0,0,0,0,1,2,2,2,9,3,1,1,929,91,93,14,34,10
8,0,10,2,599,4,3,2,4,6230,7,14,3,4,80,0,16,3,3,14,3,1,10,3,2,1,1,3,2,1,1,810,84,32,13,33,14
5,1,1,4,2027,1,3,1,4,4787,9,14,3,2,80,3,4,3,4,2,2,2,2,1,1,2,1,4,3,1,2,501,51,41,23,33,32
5,0,1,3,1303,4,3,1,2,2096,1,18,3,4,80,0,2,3,2,2,2,2,1,1,1,2,2,4,2,1,1,501,54,41,13,33,2
4,0,26,2,1605,2,2,1,3,2814,1,14,3,2,80,0,4,2,2,4,2,1,3,3,1,3,2,4,3,1,2,426,42,41,23,23,4
6,1,18,5,1842,4,4,1,1,2956,0,17,3,3,80,0,2,4,3,1,0,0,0,1,3,5,1,6,3,1,1,618,64,61,13,43,1
9,0,10,4,396,3,3,5,1,18665,9,11,3,4,80,0,22,4,3,3,2,1,2,2,1,1,2,8,2,1,2,910,93,85,23,33,3
9,0,1,1,2000,3,3,3,2,11957,0,18,3,1,80,2,14,3,1,13,8,5,12,3,1,2,2,8,3,1,1,901,93,83,13,33,33
6,0,23,4,60,2,3,2,3,4568,0,20,4,3,80,0,10,2,3,9,5,8,7,3,2,6,1,3,2,1,1,623,62,32,14,34,9
9,0,1,4,1922,2,3,2,3,5399,4,12,3,3,80,0,12,3,3,4,2,0,3,2,1,2,1,5,2,1,1,901,92,52,13,33,4
8,0,16,3,1641,3,3,3,4,7945,6,15,3,4,80,0,18,2,2,4,2,3,3,1,1,1,2,1,2,1,2,816,83,13,23,33,4
10,0,28,3,1317,4,3,4,1,16880,4,11,3,2,80,0,25,2,3,3,2,1,2,1,1,1,2,8,3,1,2,1028,104,84,23,33,3
9,0,25,4,1617,3,3,1,1,3211,1,14,3,4,80,1,10,3,2,9,6,1,4,1,1,1,2,2,3,1,1,925,93,21,13,33,19
10,0,4,1,385,1,3,5,2,19144,3,14,3,1,80,2,28,4,2,10,4,1,6,1,1,1,1,8,1,1,1,1004,101,85,13,33,30
5,0,1,3,350,1,3,2,3,4898,0,12,3,4,80,2,5,3,3,4,2,1,2,1,1,1,2,1,3,1,1,501,51,12,13,33,24
8,0,4,4,1293,4,2,3,4,10231,3,14,3,4,80,0,23,3,4,21,7,15,17,1,2,6,2,3,2,1,1,804,84,33,13,23,21
9,0,2,3,834,2,2,1,3,2274,1,14,3,4,80,0,1,3,3,1,0,0,0,1,1,1,2,4,2,1,1,902,92,41,13,23,1
6,0,2,3,1281,3,3,2,1,4538,0,12,3,4,80,0,4,3,3,3,2,0,2,1,2,6,2,3,2,1,2,602,63,32,23,33,3
6,1,26,4,299,3,2,2,1,6696,5,15,3,3,80,0,9,5,2,6,3,0,1,2,2,6,2,3,2,1,1,626,63,32,13,23,6
6,1,5,3,485,4,3,1,3,2851,1,13,3,2,80,0,1,2,3,1,0,0,0,1,2,6,2,7,2,1,2,605,64,71,23,33,1
6,0,3,2,847,3,3,1,4,3737,0,19,3,3,80,1,4,1,1,3,2,0,2,1,3,5,1,6,3,1,1,603,63,61,13,33,13
7,0,10,5,1618,2,3,2,1,5377,2,13,3,4,80,3,10,3,3,7,7,7,7,1,1,2,1,1,3,1,1,710,72,12,13,33,37
5,1,8,4,454,2,1,1,1,2119,1,11,3,4,80,0,7,4,2,7,7,0,7,1,1,3,1,2,3,1,2,508,52,21,23,13,7
7,0,6,4,691,2,1,2,4,6646,1,13,3,2,80,0,17,3,3,17,11,11,8,1,1,1,1,4,2,1,1,706,72,42,13,13,17
6,1,23,3,590,2,3,3,1,9950,9,15,3,3,80,3,11,2,3,3,2,0,2,2,3,5,2,6,1,1,2,623,62,63,23,33,33
6,0,5,3,197,4,3,1,1,3204,5,14,3,4,80,1,8,3,3,3,2,2,2,1,1,4,2,4,1,1,1,605,64,41,13,33,13
5,1,1,3,300,3,3,1,3,2058,0,14,3,4,80,0,7,1,2,6,2,1,5,1,1,4,1,4,2,1,1,501,53,41,13,33,6
9,0,2,3,606,4,3,2,2,4805,0,19,3,2,80,1,9,3,4,8,7,3,7,1,2,3,1,3,3,1,1,902,94,32,13,33,18
6,1,25,4,911,1,3,1,4,2795,1,24,4,3,80,0,1,2,1,1,0,0,1,1,1,1,1,2,2,1,2,625,61,21,24,34,1
5,0,9,3,377,4,3,1,4,2070,1,23,4,4,80,1,5,3,2,5,2,0,4,1,1,2,1,4,3,1,1,509,54,41,14,34,15
8,0,5,2,591,2,3,1,3,2093,4,17,3,4,80,1,8,4,3,2,2,2,0,2,1,3,1,2,3,1,1,805,82,21,13,33,12
11,1,2,4,825,4,3,5,2,19246,7,12,3,4,80,0,40,2,3,31,15,13,8,1,1,1,1,8,2,1,2,1102,114,85,23,33,31
6,1,2,4,1862,3,2,2,2,9907,7,12,3,3,80,0,7,3,2,2,2,2,2,1,2,6,1,3,2,1,2,602,63,32,23,23,2
6,1,15,1,582,2,3,3,3,13610,7,12,3,4,80,0,15,2,4,7,6,7,7,1,1,2,1,9,3,1,2,615,62,93,23,33,7
9,0,3,3,1863,1,4,4,1,13225,2,12,3,4,80,1,25,5,3,19,17,2,8,1,2,4,2,3,1,1,1,903,91,34,13,43,29
7,0,20,3,1812,3,3,2,4,4127,2,18,3,4,80,1,7,6,3,2,1,2,2,2,2,1,1,3,1,1,1,720,73,32,13,33,12
9,0,7,4,1484,3,3,3,2,10466,3,14,3,2,80,2,29,3,3,8,7,0,7,1,1,1,1,5,1,1,1,907,93,53,13,33,28
11,0,21,3,1938,4,3,4,4,17875,4,13,3,3,80,1,29,2,2,1,0,0,0,1,2,1,2,9,3,1,2,1121,114,94,23,33,11
8,0,2,1,875,2,3,1,4,2515,5,14,3,4,80,0,8,2,3,2,1,2,2,2,1,2,1,4,2,1,2,802,82,41,23,33,2
7,1,29,1,282,2,3,2,1,6673,7,19,3,2,80,0,17,2,3,1,0,0,0,1,1,2,1,5,3,1,2,729,72,52,23,33,1
8,1,22,2,492,3,2,2,3,6380,2,12,3,1,80,2,8,6,3,6,4,1,0,1,2,6,1,3,3,1,2,822,83,32,23,23,26
5,0,1,2,1927,3,2,2,4,6834,1,12,3,3,80,1,7,2,3,7,7,0,7,2,2,1,1,3,3,1,2,501,53,32,23,23,17
7,0,2,4,1847,4,3,2,2,6962,4,22,4,4,80,1,15,2,3,1,0,0,0,1,1,3,2,4,3,1,2,702,74,42,24,34,11
7,0,2,2,1804,2,3,2,4,5762,2,14,3,3,80,1,15,6,3,7,7,1,7,3,1,2,1,1,1,1,1,702,72,12,13,33,17
6,0,8,2,1453,1,3,3,4,10793,1,18,3,1,80,1,13,5,3,13,7,9,9,1,2,1,1,3,1,1,1,608,61,33,13,33,23
8,0,14,2,1598,4,3,2,1,4639,1,15,3,3,80,1,5,2,3,5,4,1,2,1,2,1,2,3,3,1,1,814,84,32,13,33,15
6,0,10,4,1853,4,3,2,4,4648,8,13,3,3,80,0,4,2,4,0,0,0,0,2,2,6,1,3,2,1,1,610,64,32,13,33,0
7,0,2,2,1355,2,3,2,1,6893,3,15,3,4,80,1,11,3,3,7,7,1,7,1,2,1,2,3,1,1,1,702,72,32,13,33,17
10,0,7,3,730,3,4,4,3,14814,3,19,3,3,80,0,32,3,3,5,1,1,3,1,1,1,1,8,3,1,1,1007,103,84,13,43,5
8,0,8,4,526,3,3,2,3,4522,4,14,3,4,80,0,8,3,3,5,2,0,2,1,1,3,2,5,1,1,2,808,83,52,23,33,5
6,0,24,3,1252,3,2,2,1,6812,1,19,3,2,80,0,10,2,3,10,9,1,8,1,1,2,2,5,2,1,1,624,63,52,13,23,10
7,0,18,4,407,3,4,1,4,3688,4,18,3,4,80,2,4,2,3,1,0,0,0,2,1,1,1,2,3,1,1,718,73,21,13,43,21
8,0,29,4,1225,4,3,2,4,4541,1,25,4,2,80,0,20,3,3,20,11,13,17,1,1,3,1,4,2,1,1,829,84,42,14,34,20
9,0,29,3,1465,2,3,3,4,9380,4,18,3,4,80,2,10,4,4,3,1,1,2,1,1,4,1,1,3,1,2,929,92,13,23,33,23
9,0,18,3,550,3,3,2,3,4810,2,14,3,3,80,1,19,5,2,10,7,0,8,1,1,2,2,1,1,1,1,918,93,12,13,33,20
6,0,5,3,399,4,3,1,2,2789,1,11,3,3,80,1,2,5,2,2,2,2,2,2,2,6,2,7,1,1,1,605,64,71,13,33,12
5,0,5,3,434,3,3,1,2,2478,1,12,3,2,80,0,4,2,2,4,3,1,2,1,1,1,2,4,2,1,2,505,53,41,23,33,4
7,0,10,3,634,3,3,2,3,9824,3,19,3,3,80,1,18,4,3,1,0,0,0,1,1,2,2,5,3,1,1,710,73,52,13,33,11
7,0,2,2,1638,4,2,3,3,7756,3,19,3,4,80,1,10,6,4,5,4,0,2,1,1,2,2,1,3,1,2,702,74,13,23,23,15
6,0,5,3,1749,1,3,2,3,8346,1,19,3,3,80,1,6,3,3,5,2,0,2,1,2,4,1,3,3,1,1,605,61,32,13,33,15
6,0,1,4,998,3,4,2,2,5488,1,13,3,1,80,1,6,2,3,6,5,1,2,2,1,3,2,5,3,1,2,601,63,52,23,43,16
8,1,1,2,1792,3,3,1,2,2342,1,12,3,3,80,3,6,2,2,5,3,2,3,2,1,2,1,4,1,1,2,801,83,41,23,33,35
6,1,16,3,1758,1,3,3,1,8564,2,20,4,3,80,0,11,2,2,0,0,0,0,1,2,1,2,3,2,1,2,616,61,33,24,34,0
7,0,16,3,1529,4,2,3,2,8606,1,19,3,4,80,0,11,3,1,11,8,3,3,1,1,1,2,5,2,1,1,716,74,53,13,23,11
5,1,19,2,952,3,2,1,2,2413,1,18,3,3,80,3,1,2,3,1,0,0,0,1,2,6,1,7,3,1,2,519,53,71,23,23,31
6,0,2,3,1671,4,3,2,2,5470,0,13,3,3,80,2,10,4,2,9,5,1,6,1,1,2,1,4,1,1,1,602,64,42,13,33,29
5,0,16,3,1947,3,3,1,3,2144,1,14,3,3,80,0,5,3,2,5,3,1,4,3,1,2,1,4,2,1,1,516,53,41,13,33,5
6,0,6,5,231,3,3,1,3,3038,3,20,4,1,80,0,8,2,3,5,4,1,4,1,1,1,1,4,2,1,1,606,63,41,14,34,5
8,0,9,2,1595,4,2,5,4,19613,8,22,4,4,80,0,24,2,3,1,0,0,1,1,1,3,1,9,2,1,1,809,84,95,14,24,1
7,1,15,3,1052,1,3,2,3,4834,7,14,3,2,80,1,9,3,2,1,0,0,0,1,1,3,1,2,1,1,1,715,71,22,13,33,11
8,0,1,3,902,4,3,2,4,5562,4,13,3,2,80,1,12,2,2,5,2,2,2,2,1,1,2,5,3,1,1,801,84,52,13,33,15
8,0,10,3,1239,2,2,2,2,6852,7,12,3,2,80,1,7,2,4,5,1,1,3,1,2,4,2,3,1,1,1,810,82,32,13,23,15
7,0,10,4,1880,2,2,2,3,5673,1,13,3,1,80,1,10,4,3,10,9,1,7,1,2,4,2,3,3,1,2,710,72,32,23,23,20
4,0,24,3,632,4,3,1,4,2400,0,13,3,3,80,2,3,3,3,2,2,2,1,2,2,2,1,7,3,1,1,424,44,71,13,33,22
11,0,1,4,2026,3,3,2,3,6306,1,21,4,1,80,1,13,2,2,13,12,1,9,3,1,1,1,5,1,1,1,1101,113,52,14,34,23
7,0,21,2,900,3,3,1,4,2973,5,15,3,2,80,1,10,3,3,5,4,0,0,2,2,2,2,7,3,1,1,721,73,71,13,33,15
8,1,1,2,1,2,3,2,4,5993,8,11,3,1,80,0,8,0,1,6,4,0,5,1,2,1,2,3,2,1,2,801,82,32,23,33,6
11,0,2,3,1032,3,2,4,4,13726,3,13,3,1,80,0,30,4,3,5,3,4,3,1,1,1,2,1,2,1,2,1102,113,14,23,23,5
6,0,7,4,1833,1,3,3,1,9637,2,14,3,4,80,2,9,3,3,3,2,2,2,2,2,6,2,3,3,1,1,607,61,33,13,33,23
7,1,27,3,1797,3,3,2,4,5813,1,18,3,4,80,0,10,2,3,10,7,7,7,1,2,1,1,3,2,1,2,727,73,32,23,33,10
5,0,3,4,1177,1,4,1,4,4420,1,22,4,2,80,1,8,2,3,8,7,0,7,1,1,2,1,2,3,1,1,503,51,21,14,44,18
6,0,10,4,277,4,3,1,3,3815,1,17,3,4,80,1,5,4,4,5,3,2,0,2,1,2,1,4,1,1,2,610,64,41,23,33,15
3,0,9,2,1193,3,3,1,1,2552,1,25,4,3,80,0,1,4,3,1,1,0,0,1,1,1,1,4,2,1,1,309,33,41,14,34,1
6,0,5,3,228,2,3,3,4,9419,2,12,3,3,80,1,12,2,3,10,9,7,4,1,2,1,2,3,3,1,1,605,62,33,13,33,20
8,0,16,2,1340,3,3,1,3,3544,9,16,3,2,80,1,6,0,3,4,2,0,0,3,1,1,1,4,1,1,1,816,83,41,13,33,14
7,0,7,4,102,1,3,3,3,13664,4,13,3,1,80,0,16,3,4,5,2,0,2,1,1,2,1,8,2,1,1,707,71,83,13,33,5
8,0,29,2,547,1,3,2,3,4556,2,11,3,2,80,1,19,3,3,5,4,0,2,2,1,1,2,4,1,1,1,829,81,42,13,33,15
5,1,1,4,1522,1,2,1,1,2362,6,13,3,3,80,0,11,2,1,9,7,0,7,1,1,4,1,4,2,1,1,501,51,41,13,23,9
9,0,4,2,1003,4,3,2,4,4163,1,17,3,3,80,0,9,0,3,9,0,0,7,1,2,1,2,3,2,1,2,904,94,32,23,33,9
9,0,4,2,240,3,3,2,1,5006,4,11,3,1,80,1,9,3,4,5,4,0,3,1,2,1,2,3,1,1,2,904,93,32,23,33,15
6,1,1,4,780,4,3,1,4,2686,1,13,3,3,80,0,10,2,2,10,9,7,8,1,1,3,1,4,2,1,2,601,64,41,23,33,10
5,0,26,3,1387,3,2,2,1,4724,1,11,3,3,80,1,5,0,3,5,3,0,4,1,2,1,1,3,3,1,1,526,53,32,13,23,15
7,0,1,1,662,3,3,1,1,2619,3,17,3,4,80,0,8,3,2,0,0,0,0,1,1,1,2,4,2,1,1,701,73,41,13,33,0
10,0,29,4,2019,1,3,1,4,3482,2,15,3,2,80,2,16,3,2,9,8,0,0,3,2,1,1,7,1,1,1,1029,101,71,13,33,29
7,0,5,2,304,4,3,2,2,5914,8,16,3,4,80,0,16,3,4,13,11,3,7,1,1,1,1,2,2,1,1,705,74,22,13,33,13
8,0,20,4,1092,1,3,3,4,10322,4,20,4,4,80,1,14,6,3,11,10,11,1,1,1,4,1,5,3,1,1,820,81,53,14,34,21
11,1,2,1,842,3,3,2,4,5160,4,16,3,3,80,0,12,3,2,9,7,7,3,1,2,2,1,3,2,1,1,1102,113,32,13,33,9
6,0,6,4,125,2,3,2,3,5010,1,16,3,1,80,0,12,0,3,11,8,5,7,1,2,2,1,3,2,1,1,606,62,32,13,33,11
5,0,1,3,1506,1,2,1,3,1563,1,14,3,4,80,1,1,2,1,1,0,0,0,1,1,1,1,4,1,1,1,501,51,41,13,23,11
6,1,22,4,1389,4,3,2,3,6179,1,15,3,4,80,2,10,3,2,10,2,6,7,1,1,2,1,1,3,1,2,622,64,12,23,33,30
7,1,10,4,1809,4,3,2,1,4213,1,15,3,2,80,0,10,4,1,10,3,0,8,1,1,2,1,1,2,1,1,710,74,12,13,33,10
11,0,2,3,505,3,3,4,4,16659,2,13,3,3,80,0,30,2,3,5,4,1,2,1,1,1,2,9,2,1,2,1102,113,94,23,33,5
5,0,9,3,1558,3,4,1,3,2451,6,18,3,1,80,2,5,2,2,1,0,0,0,1,1,1,1,4,3,1,1,509,53,41,13,43,21
9,0,2,4,1789,3,3,5,4,19328,7,17,3,3,80,1,24,3,3,2,1,2,2,1,1,2,1,8,1,1,2,902,93,85,23,33,12
7,0,7,2,1601,3,2,1,4,2690,1,18,3,4,80,1,1,5,2,1,0,0,1,1,1,1,1,2,3,1,1,707,73,21,13,23,11
11,0,26,5,1578,3,2,5,4,19586,1,21,4,3,80,1,36,3,3,36,6,2,13,1,2,6,1,9,3,1,1,1126,113,95,14,24,46
8,0,1,1,387,2,3,2,3,4907,1,25,4,3,80,0,20,3,3,20,16,11,6,1,2,1,1,3,3,1,1,801,82,32,14,34,20
6,0,7,3,416,2,4,2,4,6929,4,11,3,2,80,1,10,3,2,8,7,7,7,1,2,4,1,3,3,1,1,607,62,32,13,43,18
11,0,9,3,762,3,3,4,4,11103,7,11,3,3,80,0,30,1,2,10,7,1,1,1,1,2,1,5,3,1,1,1109,113,54,13,33,10
5,1,1,2,816,2,2,1,1,2319,1,11,3,4,80,1,1,1,3,1,0,0,0,1,1,1,2,2,3,1,2,501,52,21,23,23,11
6,1,9,3,1876,2,3,1,4,1081,1,13,3,3,80,0,1,3,2,1,0,0,0,1,2,2,1,7,2,1,1,609,62,71,13,33,1
7,0,10,4,1312,4,3,3,3,7094,3,12,3,1,80,0,10,0,3,7,7,1,7,1,1,4,2,5,3,1,1,710,74,53,13,33,7
4,1,17,2,1219,4,3,1,2,2210,1,13,3,1,80,1,1,3,1,1,0,0,0,1,1,1,2,2,3,1,1,417,44,21,13,33,11
6,0,7,4,1428,4,3,2,1,4779,7,14,3,2,80,2,8,3,3,3,2,0,2,1,2,6,2,3,1,1,1,607,64,32,13,33,23
5,0,8,1,1544,3,1,2,1,9715,3,13,3,3,80,1,9,3,3,7,7,0,7,1,1,3,2,5,3,1,1,508,53,52,13,13,17
8,0,2,3,1346,3,3,2,4,4661,1,13,3,3,80,0,9,4,3,9,8,8,8,1,1,1,1,4,2,1,1,802,83,42,13,33,9
7,0,8,1,602,3,3,1,3,3755,1,11,3,1,80,1,8,3,3,8,3,0,7,2,1,1,2,2,3,1,1,708,73,21,13,33,18
8,1,12,3,58,2,3,5,3,19545,1,12,3,4,80,0,23,0,3,22,15,15,8,1,1,4,2,8,3,1,1,812,82,85,13,33,22
7,0,6,4,378,3,3,2,4,6502,4,14,3,2,80,1,7,5,4,5,4,0,1,1,2,2,1,3,3,1,1,706,73,32,13,33,15
9,0,2,2,1635,4,2,2,4,5770,1,19,3,1,80,2,10,3,3,10,7,3,9,1,1,3,2,1,1,1,1,902,94,12,13,23,30
7,1,9,4,27,3,2,1,1,3407,7,23,4,2,80,0,10,4,3,5,3,0,3,1,2,1,1,7,2,1,1,709,73,71,14,24,5
10,1,24,4,1968,1,3,3,1,10448,6,13,3,2,80,0,15,2,2,2,2,2,2,1,2,1,1,3,2,1,2,1024,101,33,23,33,2
8,0,2,4,2051,3,3,1,3,2001,2,14,3,2,80,3,20,2,3,5,3,0,2,1,1,2,2,4,3,1,1,802,83,41,13,33,35
6,0,10,5,1268,4,4,3,3,8380,0,14,3,4,80,2,10,3,3,9,8,0,8,1,2,6,1,3,1,1,2,610,64,33,23,43,29
8,0,1,3,2020,2,3,1,4,2436,6,12,3,3,80,0,6,2,3,4,3,1,2,1,1,2,1,4,2,1,2,801,82,41,23,33,4
10,0,28,1,716,4,4,1,3,3221,1,11,3,3,80,3,20,3,3,20,8,3,8,1,1,2,1,2,3,1,2,1028,104,21,23,43,50
5,0,17,3,1419,2,2,3,1,7988,1,13,3,1,80,0,10,3,2,10,9,0,9,1,3,3,1,6,2,1,1,517,52,63,13,23,10
6,1,16,3,819,1,3,2,1,5324,5,15,3,3,80,0,6,3,3,3,2,0,2,1,2,6,2,3,2,1,1,616,61,32,13,33,3
9,1,10,3,1869,3,3,3,2,7314,5,21,4,3,80,3,14,2,3,8,7,0,7,1,2,1,2,3,3,1,1,910,93,33,14,34,38
7,0,11,2,70,3,2,3,1,9884,2,13,3,3,80,1,10,3,3,4,0,2,3,3,1,2,1,5,3,1,2,711,73,53,23,23,14
9,0,14,3,1503,3,3,2,3,4591,3,17,3,3,80,1,11,4,2,5,4,1,2,1,2,2,2,3,3,1,2,914,93,32,23,33,15
8,0,12,4,1158,2,3,1,4,4766,3,11,3,1,80,1,6,4,3,1,0,0,0,1,1,1,1,2,3,1,2,812,82,21,23,33,11
6,0,1,3,96,2,3,2,2,6220,1,17,3,2,80,2,10,3,3,10,4,0,9,1,1,1,1,4,3,1,1,601,62,42,13,33,30
7,0,4,2,1687,4,3,1,3,3306,7,19,3,4,80,1,7,5,2,0,0,0,0,1,1,2,2,2,3,1,1,704,74,21,13,33,10
7,1,3,1,967,3,2,3,4,10325,1,11,3,1,80,1,16,6,3,16,7,3,7,1,2,1,1,3,3,1,2,703,73,33,23,23,26
9,0,5,2,103,2,3,2,2,5021,8,22,4,4,80,1,16,2,3,4,2,0,2,1,3,2,1,6,1,1,2,905,92,62,24,34,14
4,0,1,3,657,4,2,1,2,2836,1,13,3,4,80,0,1,0,4,1,0,0,0,1,1,1,2,4,2,1,1,401,44,41,13,23,1
9,0,2,1,712,2,4,2,2,8120,3,12,3,4,80,0,12,3,3,2,2,2,2,1,2,6,1,3,3,1,1,902,92,32,13,43,2
8,0,25,3,1076,3,2,3,4,10798,5,13,3,3,80,1,18,5,3,1,0,0,0,1,2,2,1,3,1,1,1,825,83,33,13,23,11
7,0,10,3,486,3,3,1,1,3452,6,20,4,2,80,1,17,3,3,5,4,0,3,1,1,2,2,2,3,1,1,710,73,21,14,34,15
9,0,22,4,1655,1,3,4,2,16413,3,16,3,2,80,2,27,2,3,4,2,1,2,1,1,3,2,8,3,1,1,922,91,84,13,33,24
8,1,24,3,392,4,3,1,3,3161,3,22,4,4,80,1,19,0,1,1,0,0,0,2,1,1,1,2,1,1,2,824,84,21,24,34,11
9,0,1,4,664,4,2,4,1,15402,7,11,3,1,80,1,21,3,1,3,2,0,2,1,1,1,2,9,3,1,1,901,94,94,13,23,13
4,1,11,3,1016,4,2,1,1,2600,1,15,3,1,80,0,1,2,3,1,0,0,0,1,1,2,2,4,2,1,2,411,44,41,23,23,1
5,0,1,2,1858,3,3,1,4,2706,1,15,3,2,80,1,3,2,3,3,2,2,2,3,3,1,1,6,1,1,1,501,53,61,13,33,13
11,0,8,3,241,3,3,1,1,4257,4,18,3,3,80,1,19,3,3,2,2,2,2,1,1,1,2,4,1,1,2,1108,113,41,23,33,12
5,0,11,1,1434,2,3,1,1,2099,0,14,3,2,80,0,6,3,4,5,0,1,4,1,1,1,1,2,3,1,1,511,52,21,13,33,5
6,0,3,4,966,3,3,2,1,6725,1,12,3,3,80,1,8,2,4,8,7,6,3,1,1,2,2,1,3,1,1,603,63,12,13,33,18
5,0,2,3,94,3,3,1,2,2703,0,23,4,4,80,1,6,3,3,5,4,0,4,1,1,1,1,4,3,1,1,502,53,41,14,34,15
11,0,26,4,1973,3,4,5,2,19636,4,18,3,1,80,1,35,0,3,10,9,1,4,1,3,5,1,9,3,1,2,1126,113,95,23,43,20
8,0,15,3,1628,1,2,3,3,10435,1,13,3,4,80,2,18,2,3,18,15,14,12,1,1,1,2,1,3,1,1,815,81,13,13,23,38
6,0,5,4,1764,2,3,1,2,2718,2,14,3,2,80,0,12,3,3,7,7,0,7,3,1,4,1,4,2,1,1,605,62,41,13,33,7
6,0,15,2,1356,3,3,2,1,6125,1,12,3,4,80,0,10,6,4,10,8,9,6,1,2,2,2,3,2,1,1,615,63,32,13,33,10
10,0,1,4,259,3,2,5,3,19999,0,14,3,1,80,1,34,5,3,33,18,11,9,1,1,1,1,9,3,1,1,1001,103,95,13,23,43
4,0,9,3,812,3,2,1,2,2694,1,11,3,3,80,3,1,4,3,1,0,0,0,3,1,1,1,2,1,1,1,409,43,21,13,23,31
7,0,11,4,2045,2,2,2,4,6652,4,13,3,1,80,1,8,2,2,6,3,0,0,1,2,6,2,3,3,1,1,711,72,32,13,23,16
9,0,10,3,580,3,2,3,4,9071,2,19,3,3,80,1,15,3,3,3,2,1,2,1,2,6,2,3,3,1,2,910,93,33,23,23,13
11,0,24,2,223,3,4,3,4,9439,3,16,3,2,80,1,12,2,1,5,3,1,4,1,1,1,1,5,1,1,2,1124,113,53,23,43,15
9,1,29,4,376,1,3,3,2,11849,1,12,3,4,80,1,10,2,2,10,7,9,9,3,1,1,1,9,3,1,2,929,91,93,23,33,20
6,0,2,4,426,3,3,1,4,2695,0,18,3,2,80,1,3,2,1,2,2,2,2,1,1,1,1,4,1,1,2,602,63,41,23,33,12
8,0,2,5,625,2,3,4,1,16595,7,16,3,2,80,1,22,2,3,18,16,11,8,1,2,1,2,9,3,1,1,802,82,94,13,33,28
11,0,1,2,106,1,3,3,4,10239,3,14,3,4,80,1,24,4,3,1,0,1,0,1,2,1,1,3,3,1,1,1101,111,33,13,33,11
9,1,26,4,684,1,3,2,1,4286,2,14,3,4,80,2,5,4,3,1,1,0,0,2,2,1,2,3,3,1,1,926,91,32,13,33,21
4,0,2,1,113,3,3,1,1,2322,3,13,3,3,80,1,3,3,3,0,0,0,0,1,2,4,1,7,1,1,1,402,43,71,13,33,10
9,0,18,4,275,4,3,2,4,6804,1,15,3,1,80,2,7,0,3,7,7,1,7,3,1,1,1,1,1,1,2,918,94,12,23,33,27
8,0,8,3,1860,4,3,1,3,3968,4,13,3,4,80,0,8,3,3,0,0,0,0,1,1,1,1,2,2,1,1,808,84,21,13,33,0
7,0,16,3,586,4,3,3,3,7632,4,12,3,3,80,0,10,2,3,8,7,0,0,1,1,1,1,5,3,1,2,716,74,53,23,33,8
7,0,11,3,306,2,3,3,4,12185,1,14,3,3,80,3,10,1,3,10,8,0,7,2,1,3,1,8,1,1,2,711,72,83,23,33,40
6,0,8,3,1304,3,4,2,4,6209,1,15,3,3,80,2,10,4,4,10,7,0,8,1,2,2,1,3,3,1,1,608,63,32,13,43,30
6,1,9,4,1807,4,3,2,1,5346,4,17,3,3,80,1,11,3,2,7,1,0,7,2,1,1,1,2,3,1,1,609,64,22,13,33,17
6,0,3,4,337,2,3,3,3,13675,9,12,3,1,80,1,9,3,3,2,2,2,2,2,1,2,1,8,1,1,1,603,62,83,13,33,12
4,0,15,2,30,3,3,1,4,1232,1,14,3,4,80,0,0,6,3,0,0,0,0,1,1,1,1,4,2,1,1,415,43,41,13,33,0
6,0,7,3,438,4,3,2,4,7547,4,12,3,4,80,3,13,3,3,7,7,1,7,1,2,6,1,3,1,1,1,607,64,32,13,33,37
6,0,15,3,1485,2,3,4,1,17007,7,14,3,4,80,2,16,3,2,14,8,6,9,2,1,2,1,8,1,1,1,615,62,84,13,33,34
8,0,18,4,1998,4,3,2,1,5410,6,17,3,3,80,1,9,3,2,4,3,1,2,1,1,1,1,4,1,1,2,818,84,42,23,33,14
7,0,9,3,893,2,2,1,2,2899,0,19,3,4,80,1,3,3,3,2,2,1,2,1,2,6,1,7,3,1,1,709,72,71,13,23,12
9,0,3,1,1124,1,3,4,3,17465,3,12,3,4,80,1,23,3,3,12,9,4,9,1,2,6,1,9,3,1,1,903,91,94,13,33,22
6,0,2,3,471,3,3,1,2,2370,1,13,3,3,80,1,8,4,3,8,0,0,7,1,1,2,2,2,3,1,1,602,63,21,13,33,18
6,0,5,2,1555,4,2,2,2,5878,3,12,3,1,80,1,12,2,3,7,1,2,5,1,1,1,2,4,3,1,1,605,64,42,13,23,17
10,0,26,4,851,1,3,4,3,16307,2,14,3,3,80,1,29,2,2,20,6,4,17,1,2,6,2,9,3,1,1,1026,101,94,13,33,30
11,0,1,2,1441,1,3,1,1,2066,2,22,4,4,80,1,5,3,4,3,2,1,0,1,1,1,2,4,3,1,1,1101,111,41,14,34,13
10,0,19,4,698,3,3,3,2,10725,2,15,3,3,80,1,16,1,4,9,7,7,1,1,3,2,1,6,3,1,1,1019,103,63,13,33,19
10,1,8,4,179,1,1,3,4,10650,2,15,3,4,80,0,18,2,3,4,2,0,3,2,1,1,1,1,2,1,1,1008,101,13,13,13,4
7,0,10,3,1790,4,3,3,1,8321,7,13,3,4,80,1,15,1,3,12,8,5,7,1,1,1,1,5,3,1,2,710,74,53,23,33,22
5,0,8,4,458,2,3,2,2,6214,1,18,3,1,80,1,8,3,3,8,7,0,7,1,2,6,2,3,3,1,1,508,52,32,13,33,18
8,0,2,2,1109,4,3,4,1,17665,0,17,3,4,80,1,23,3,3,22,6,13,7,1,1,2,1,9,3,1,1,802,84,94,13,33,32
6,0,5,4,1673,1,3,2,4,5476,1,11,3,1,80,2,10,2,3,10,0,0,2,1,2,1,2,3,3,1,1,605,61,32,13,33,30
8,0,5,3,1471,3,2,1,3,3162,3,14,3,4,80,0,7,5,3,5,2,0,3,3,1,1,1,2,2,1,1,805,83,21,13,23,5
5,0,7,3,1507,3,3,2,1,4898,0,14,3,4,80,0,5,5,3,4,2,1,3,2,2,1,1,3,2,1,1,507,53,32,13,33,4
6,1,6,2,555,4,1,1,3,2351,0,16,3,4,80,1,3,3,2,2,2,1,0,2,2,6,2,7,1,1,1,606,64,71,13,13,12
5,0,1,2,497,4,3,1,2,3816,1,11,3,2,80,1,5,2,3,5,2,0,4,1,1,2,1,2,1,1,1,501,54,21,13,33,15
7,0,3,3,2024,1,2,3,4,7644,0,19,3,3,80,2,10,2,3,9,7,3,4,1,2,2,2,3,3,1,1,703,71,33,13,23,29
8,1,4,3,488,1,3,2,2,9355,1,18,3,3,80,0,8,5,3,8,7,7,7,2,2,6,1,3,2,1,1,804,81,32,13,33,8
5,0,16,4,1001,3,3,1,2,2811,9,14,3,2,80,1,4,2,3,2,2,2,2,1,1,4,2,2,3,1,1,516,53,21,13,33,12
5,0,23,3,495,4,3,1,4,2201,9,16,3,4,80,0,6,4,3,3,2,1,2,1,1,1,1,4,2,1,1,523,54,41,13,33,3
7,0,6,1,1291,3,3,1,3,3506,0,14,3,4,80,0,4,3,3,3,2,2,2,1,1,1,1,4,3,1,2,706,73,41,23,33,3
4,1,3,1,926,2,3,2,3,4171,0,19,3,1,80,1,4,3,4,3,2,0,2,1,1,1,2,1,3,1,2,403,42,12,23,33,13
11,0,5,3,940,3,2,3,2,10552,2,13,3,4,80,1,24,3,3,6,0,0,4,1,1,4,2,5,1,1,2,1105,113,53,23,23,16
6,0,8,5,1515,4,3,2,3,6388,2,17,3,1,80,0,14,6,3,0,0,0,0,1,1,1,1,5,2,1,2,608,64,52,23,33,0
4,1,3,4,1203,3,2,1,4,2853,0,11,3,2,80,1,1,5,3,0,0,0,0,2,1,1,1,4,3,1,2,403,43,41,23,23,10
5,0,9,3,260,4,3,1,2,2279,1,16,3,4,80,0,7,2,2,7,7,0,3,1,1,2,2,4,2,1,1,509,54,41,13,33,7
10,0,9,4,116,4,3,1,4,2075,3,23,4,2,80,2,10,4,3,4,2,0,3,1,1,1,1,2,3,1,1,1009,104,21,14,34,24
7,0,1,3,823,3,3,2,2,5228,0,15,3,1,80,1,10,2,3,9,7,0,5,1,1,3,2,1,3,1,1,701,73,12,13,33,19
6,1,10,1,584,1,1,1,4,3408,7,13,3,1,80,3,8,2,3,4,3,1,3,1,1,2,1,2,1,1,1,610,61,21,13,13,34
7,0,1,3,417,3,4,3,4,9613,0,17,3,1,80,3,19,5,2,18,10,3,7,1,1,2,1,5,1,1,1,701,73,53,13,43,48
8,0,8,2,1724,2,3,2,1,6516,2,16,3,2,80,1,18,3,3,1,0,0,0,1,1,1,2,1,3,1,2,808,82,12,23,33,11
7,0,3,2,1627,3,2,2,3,3069,0,15,3,4,80,1,11,3,3,10,8,0,7,1,1,2,1,2,1,1,1,703,73,22,13,23,20
5,1,2,4,364,1,3,1,3,3485,2,11,3,3,80,0,5,5,1,0,0,0,0,1,1,1,1,2,2,1,1,502,51,21,13,33,0
5,0,21,4,20,2,4,3,1,9980,1,11,3,3,80,1,10,1,3,10,9,8,8,1,1,1,2,1,1,1,1,521,52,13,13,43,20
6,0,11,4,895,4,3,1,4,2356,3,19,3,2,80,1,8,2,3,6,4,0,2,1,1,1,1,4,3,1,2,611,64,41,23,33,16
9,0,1,4,1069,4,3,5,4,19627,9,17,3,4,80,2,23,0,3,2,2,2,2,1,1,2,1,8,1,1,1,901,94,85,13,33,22
4,0,10,3,1746,1,3,1,4,2145,0,14,3,4,80,1,3,2,3,2,2,2,1,2,3,2,1,6,3,1,1,410,41,61,13,33,12
7,0,3,2,155,1,3,1,4,2835,5,22,4,1,80,1,7,2,3,1,0,0,0,1,1,1,2,2,1,1,1,703,71,21,14,34,11
6,0,2,1,256,4,2,2,3,9547,1,17,3,3,80,0,10,2,2,10,9,1,9,2,1,1,1,1,3,1,1,602,64,12,13,23,10
8,0,9,4,1772,3,3,1,1,2289,1,20,4,2,80,2,5,2,3,5,3,0,4,1,1,1,1,2,1,1,1,809,83,21,14,34,25
8,0,2,3,521,2,2,2,3,3448,6,22,4,2,80,1,20,3,3,1,0,0,0,1,1,2,2,2,3,1,1,802,82,22,14,24,11
8,1,3,3,1333,1,3,1,1,2362,4,12,3,3,80,0,10,4,4,3,2,1,2,1,1,1,1,2,3,1,1,803,81,21,13,33,3
6,0,26,1,16,1,3,1,3,2911,1,17,3,4,80,1,5,1,2,5,2,4,3,1,1,1,1,4,1,1,1,626,61,41,13,33,15
7,0,2,4,803,1,4,2,1,5980,6,12,3,4,80,0,17,2,3,15,7,4,12,2,1,1,2,1,2,1,2,702,71,12,23,43,15
5,0,10,3,1097,3,3,2,3,3660,3,13,3,4,80,0,10,4,4,8,7,1,7,1,1,3,2,4,2,1,1,510,53,42,13,33,8
11,0,2,2,1336,4,1,5,3,19187,4,14,3,4,80,1,23,5,3,19,9,9,11,1,1,2,2,9,3,1,1,1102,114,95,13,13,29
7,0,8,1,63,4,4,1,4,2269,1,19,3,4,80,0,1,2,3,1,0,0,1,1,1,1,1,2,3,1,1,708,74,21,13,43,1
10,0,5,2,522,1,3,5,1,19406,4,11,3,3,80,1,24,4,2,4,2,1,2,1,1,2,1,8,3,1,1,1005,101,85,13,33,14
5,1,1,2,741,1,1,1,2,2216,7,13,3,4,80,0,10,4,3,7,7,3,7,1,1,1,2,4,2,1,2,501,51,41,23,13,7
6,0,8,2,808,3,3,2,1,6500,5,17,3,2,80,1,6,1,3,3,2,1,2,1,2,1,2,3,3,1,1,608,63,32,13,33,13
7,0,1,3,1961,1,2,1,1,2858,4,14,3,1,80,0,20,3,2,1,0,0,0,1,2,1,1,7,2,1,1,701,71,71,13,23,1
5,1,18,1,315,3,2,1,4,2389,1,13,3,3,80,0,4,3,2,4,3,0,1,1,1,2,1,4,2,1,2,518,53,41,23,23,4
7,0,1,4,826,4,4,1,3,2506,3,13,3,3,80,0,7,0,3,2,2,2,2,1,1,1,2,4,2,1,1,701,74,41,13,43,2
7,0,15,2,461,3,2,3,4,11510,0,14,3,2,80,1,12,3,3,11,10,2,9,1,1,1,1,8,1,1,2,715,73,83,23,23,21
6,0,2,2,1996,1,3,1,3,3067,0,19,3,3,80,1,3,1,3,2,2,1,2,1,2,1,1,7,3,1,1,602,61,71,13,33,12
5,0,21,3,221,3,3,1,4,2713,1,11,3,3,80,1,5,2,1,5,2,0,2,1,1,2,1,4,3,1,1,521,53,41,13,33,15
7,0,2,4,1704,1,2,1,4,4930,0,14,3,3,80,0,6,2,4,5,4,1,4,2,1,2,1,4,2,1,2,702,71,41,23,23,5
11,0,4,4,1501,4,3,2,3,4035,0,16,3,2,80,0,4,2,3,3,2,1,2,1,1,1,1,5,3,1,2,1104,114,52,23,33,3
7,0,2,4,1556,3,3,1,4,2644,3,21,4,4,80,0,7,3,2,3,2,1,2,1,2,1,1,7,2,1,2,702,73,71,24,34,3
9,0,2,4,1731,3,3,2,2,4978,7,11,3,4,80,1,4,3,1,1,0,0,0,3,2,6,1,3,3,1,1,902,93,32,13,33,11
10,0,19,4,791,4,3,1,4,4258,0,18,3,1,80,1,5,3,3,4,3,1,2,3,1,2,1,4,3,1,1,1019,104,41,13,33,14
6,1,16,4,1905,4,1,1,1,2307,1,23,4,2,80,1,5,2,3,5,2,3,0,3,1,4,1,4,3,1,2,616,64,41,24,14,15
7,0,16,4,1436,3,2,2,1,5647,4,13,3,1,80,2,11,3,2,3,2,0,2,1,2,6,2,3,3,1,1,716,73,32,13,23,23
6,0,1,3,78,1,3,2,4,6162,1,22,4,2,80,1,9,3,3,9,8,7,8,1,1,2,1,1,3,1,2,601,61,12,24,34,19
7,0,5,2,1440,3,4,1,3,3500,0,14,3,1,80,0,7,2,1,6,5,1,3,3,1,4,1,2,2,1,1,705,73,21,13,43,6
7,0,11,2,154,2,3,3,4,9738,0,14,3,3,80,1,10,6,3,9,7,2,8,2,2,4,2,3,3,1,1,711,72,33,13,33,19
7,0,6,4,1221,3,1,1,3,2741,1,14,3,3,80,1,7,4,3,7,7,1,7,1,1,1,1,2,1,1,1,706,73,21,13,13,17
9,0,8,4,452,4,3,2,4,3697,9,14,3,1,80,2,12,3,3,10,9,9,8,1,1,3,1,4,3,1,1,908,94,42,13,33,30
4,1,1,1,554,1,3,1,2,3202,1,16,3,2,80,0,6,4,3,5,3,1,4,1,2,4,2,7,2,1,2,401,41,71,23,33,5
7,0,1,4,332,3,3,1,3,2232,7,14,3,3,80,3,7,1,3,3,2,1,2,1,1,2,2,2,1,1,1,701,73,21,13,33,33
8,0,21,2,270,3,3,2,3,5265,2,16,3,2,80,1,11,5,3,5,3,0,2,3,1,2,2,1,1,1,1,821,83,12,13,33,15
8,0,6,3,1708,4,3,3,3,9241,1,12,3,2,80,0,10,3,3,10,8,8,7,1,2,6,1,3,2,1,1,806,84,33,13,33,10
10,0,2,3,1472,4,4,4,2,16598,4,12,3,2,80,0,35,2,2,9,8,8,8,1,1,2,1,8,2,1,1,1002,104,84,13,43,9
7,0,8,3,742,1,4,3,1,11713,9,14,3,1,80,1,10,2,3,8,7,0,5,3,1,1,2,8,3,1,1,708,71,83,13,43,18
5,0,15,1,1202,2,1,1,4,2168,0,18,3,1,80,1,6,2,2,5,4,1,3,1,1,1,2,4,3,1,2,515,52,41,23,13,15
5,0,6,3,1162,4,2,1,3,2539,1,13,3,3,80,1,4,0,3,4,2,2,2,1,1,1,1,4,3,1,1,506,54,41,13,23,14
6,0,1,3,1499,3,3,1,3,2064,0,21,4,1,80,1,6,3,4,5,3,1,3,1,3,1,1,6,1,1,1,601,63,61,14,34,15
10,0,1,1,682,4,3,2,1,8381,7,20,4,4,80,0,18,2,4,14,7,8,10,1,2,2,2,3,2,1,1,1001,104,32,14,34,14
8,0,29,3,1148,2,1,2,4,4272,4,19,3,1,80,0,16,3,3,1,0,0,0,1,1,2,1,2,2,1,1,829,82,22,13,13,1
8,0,4,2,319,3,3,5,4,19232,1,11,3,4,80,0,22,3,3,22,17,11,15,1,1,4,1,9,3,1,1,804,83,95,13,33,22
6,0,2,4,339,4,2,2,1,5957,6,13,3,2,80,1,13,3,3,11,9,5,9,1,1,1,1,1,3,1,1,602,64,12,13,23,21
8,0,1,4,665,1,2,2,3,5985,4,11,3,2,80,0,10,1,4,2,2,0,2,1,3,1,2,6,2,1,1,801,81,62,13,23,2
5,1,10,3,994,4,2,1,1,2404,6,20,4,3,80,0,3,5,3,0,0,0,0,1,1,1,2,4,2,1,2,510,54,41,24,24,0
5,0,1,3,1799,3,3,1,4,2044,1,11,3,3,80,1,5,6,4,5,3,0,3,1,1,1,1,4,3,1,1,501,53,41,13,33,15
7,0,14,1,924,3,3,2,4,6586,0,17,3,1,80,1,17,2,2,16,8,4,11,1,1,1,1,5,3,1,2,714,73,52,23,33,26
5,0,2,3,469,4,3,2,3,4649,1,14,3,1,80,1,4,3,2,4,3,0,2,3,2,1,1,3,3,1,1,502,54,32,13,33,14
9,0,4,2,1256,1,2,5,3,18711,2,13,3,3,80,1,23,2,4,1,0,0,0,1,1,2,1,9,3,1,1,904,91,95,13,23,11
6,0,2,1,1396,3,3,2,2,4078,0,13,3,1,80,3,4,3,2,3,2,1,2,1,2,6,1,3,3,1,2,602,63,32,23,33,33
7,1,6,3,932,4,3,1,1,2404,7,21,4,4,80,0,8,2,1,2,2,2,2,1,1,2,1,2,3,1,2,706,74,21,24,34,2
5,0,20,3,974,3,3,1,4,2157,1,15,3,2,80,1,3,5,3,3,1,0,2,2,2,4,2,7,3,1,1,520,53,71,13,33,13
6,0,2,2,8,4,3,1,4,3068,0,13,3,3,80,0,8,2,2,7,7,3,6,2,1,1,1,2,2,1,1,602,64,21,13,33,7
5,0,8,3,1751,3,3,1,4,3445,1,11,3,3,80,0,6,5,2,6,2,1,4,1,1,2,2,4,2,1,1,508,53,41,13,33,6
5,0,7,3,1417,3,4,1,1,3578,0,12,3,4,80,0,8,2,3,7,7,0,7,1,1,3,1,2,2,1,1,507,53,21,13,43,7
9,0,2,3,1204,3,3,4,1,17048,8,23,4,1,80,0,28,2,3,26,15,15,9,1,2,6,2,9,3,1,1,902,93,94,14,34,26
5,0,28,2,641,1,3,2,2,6272,1,20,4,4,80,2,6,5,4,5,3,1,4,1,2,6,1,3,3,1,1,528,51,32,14,34,25
6,0,16,3,1763,3,4,2,3,5294,3,16,3,3,80,1,10,3,3,7,0,1,7,1,1,1,1,5,3,1,1,616,63,52,13,43,17
8,0,6,3,298,4,3,3,4,13591,3,18,3,3,80,0,16,3,3,1,0,0,0,1,2,1,2,9,2,1,2,806,84,93,23,33,1
9,0,3,3,1527,3,3,4,2,16606,8,12,3,4,80,1,23,2,4,13,12,5,1,1,2,1,2,9,3,1,1,903,93,94,13,33,23
7,0,7,1,1492,4,3,1,3,2404,1,13,3,1,80,1,1,3,3,1,0,0,0,1,2,1,1,7,3,1,1,707,74,71,13,33,11
10,0,14,2,500,3,3,2,4,4936,4,11,3,3,80,1,18,2,2,7,7,0,7,1,2,1,2,3,3,1,1,1014,103,32,13,33,17
9,0,6,3,1022,1,2,2,3,4240,2,13,3,4,80,0,19,0,3,2,2,2,2,1,1,1,1,5,2,1,1,906,91,52,13,23,2
9,0,2,2,1258,4,4,1,2,2559,5,11,3,3,80,0,7,4,2,1,0,0,0,1,1,4,1,2,2,1,1,902,94,21,13,43,1
4,0,16,2,22,4,4,1,4,2935,1,13,3,2,80,2,1,2,2,1,0,0,0,3,1,2,1,2,1,1,2,416,44,21,23,43,21
5,0,17,3,233,3,3,1,2,3058,0,16,3,4,80,1,6,3,2,5,2,1,1,1,1,4,1,4,3,1,2,517,53,41,23,33,15
7,0,13,3,1543,1,3,2,4,4285,1,17,3,1,80,0,10,2,3,10,8,3,7,1,1,2,1,4,3,1,1,713,71,42,13,33,10
9,0,20,4,945,4,3,1,3,2259,4,17,3,1,80,2,13,2,2,0,0,0,0,1,1,2,1,4,3,1,1,920,94,41,13,33,20
10,0,13,2,250,4,4,2,1,4450,1,11,3,3,80,2,5,3,3,4,2,1,3,1,1,2,2,1,1,1,1,1013,104,12,13,43,24
8,0,4,4,1171,2,3,2,1,5155,7,13,3,4,80,0,9,3,4,6,4,1,5,1,2,6,1,3,2,1,1,804,82,32,13,33,6
6,1,16,1,33,2,1,1,1,3919,1,22,4,2,80,0,10,5,3,10,2,6,7,2,1,1,2,4,2,1,2,616,62,41,24,14,10
7,0,9,2,1787,2,2,2,2,4189,1,14,3,1,80,2,5,2,3,5,2,0,3,1,2,6,1,3,3,1,1,709,72,32,13,23,25
5,1,4,4,401,4,2,2,4,5828,1,12,3,2,80,0,8,0,3,8,7,7,4,1,2,6,1,3,2,1,2,504,54,32,23,23,8
10,0,8,4,1409,3,3,1,1,2950,9,13,3,3,80,0,12,2,1,5,4,0,4,1,1,3,2,2,3,1,1,1008,103,21,13,33,5
7,0,3,5,193,4,3,2,3,4317,3,20,4,2,80,0,19,2,3,3,2,2,2,1,1,4,2,4,2,1,2,703,74,42,24,34,3
10,0,10,3,491,4,2,3,4,10496,6,15,3,4,80,0,20,2,3,4,3,1,3,1,1,4,1,5,2,1,1,1010,104,53,13,23,4
5,1,13,3,1844,1,2,1,1,2335,4,15,3,4,80,3,4,3,3,2,2,2,0,1,3,5,1,6,1,1,2,513,51,61,23,23,32
5,0,7,3,1260,3,3,2,4,6623,1,11,3,2,80,2,6,2,3,6,0,1,0,1,1,1,1,5,1,1,2,507,53,52,23,33,26
6,0,7,3,613,3,2,3,4,11557,9,21,4,3,80,1,10,3,2,5,4,0,1,1,2,1,1,9,1,1,1,607,63,93,14,24,15
7,0,14,3,515,4,3,1,1,3034,1,12,3,3,80,1,18,2,2,18,7,12,17,1,1,1,2,2,1,1,1,714,74,21,13,33,28
6,0,28,4,1549,2,3,2,3,5207,1,12,3,2,80,1,15,3,3,15,14,5,7,1,1,1,1,2,3,1,2,628,62,22,23,33,25
8,0,21,3,525,4,3,1,4,2258,7,20,4,1,80,1,8,1,3,3,2,1,2,2,1,2,1,2,3,1,1,821,84,21,14,34,13
7,1,4,3,1100,4,3,3,1,9582,0,22,4,1,80,0,9,2,3,8,7,4,7,1,2,4,1,3,2,1,2,704,74,33,24,34,8
7,0,8,4,1630,3,3,2,3,4148,1,12,3,4,80,1,15,5,3,14,11,2,9,3,1,1,2,5,3,1,1,708,73,52,13,33,24
9,0,2,2,783,2,1,2,3,6632,0,13,3,1,80,0,9,3,3,8,7,3,1,1,2,4,1,7,2,1,1,902,92,72,13,13,8
7,0,1,4,1700,3,1,2,4,9525,1,14,3,3,80,2,6,2,2,6,3,1,3,2,2,2,1,3,1,1,1,701,73,32,13,13,26
8,0,8,3,920,1,3,2,2,4765,4,21,4,3,80,1,4,2,4,1,0,0,0,1,1,1,2,1,1,1,1,808,81,12,14,34,11
9,0,5,4,1473,1,3,2,3,6651,2,14,3,2,80,1,20,0,2,3,2,1,2,1,1,4,1,5,3,1,1,905,91,52,13,33,13
7,0,10,3,983,3,3,2,4,5666,1,13,3,2,80,0,6,1,3,5,3,1,3,3,2,4,2,3,2,1,2,710,73,32,23,33,5
8,0,9,2,913,2,3,1,1,2559,1,13,3,4,80,0,8,0,3,8,7,7,1,1,1,1,1,4,3,1,2,809,82,41,23,33,8
5,0,6,1,1192,2,3,1,4,3131,1,13,3,1,80,1,10,5,3,10,8,0,8,1,1,2,2,2,3,1,1,506,52,21,13,33,20
9,0,11,4,1757,4,3,2,4,4507,3,12,3,3,80,0,8,1,4,5,1,0,4,1,2,6,2,3,2,1,1,911,94,32,13,33,5
6,1,2,3,1464,2,3,1,4,3722,6,13,3,3,80,1,7,2,1,2,2,2,2,2,1,1,1,2,3,1,2,602,62,21,23,33,12
4,1,12,3,494,3,4,1,2,2716,1,15,3,4,80,0,1,0,3,1,0,0,0,1,2,1,2,7,2,1,1,412,43,71,13,43,1
5,0,11,2,390,1,3,2,1,4741,1,13,3,3,80,1,5,3,3,5,3,3,3,2,1,2,1,5,3,1,2,511,51,52,23,33,15
6,1,14,3,325,3,3,1,4,2436,5,13,3,3,80,1,8,2,1,5,4,0,4,1,1,2,1,2,3,1,2,614,63,21,23,33,15
5,0,9,3,1965,4,3,2,4,4105,1,14,3,1,80,0,7,5,3,7,7,0,7,1,2,6,1,3,2,1,1,509,54,32,13,33,7
3,0,25,3,1269,2,4,1,4,2994,1,12,3,4,80,0,1,2,3,1,0,0,1,1,1,1,2,4,2,1,2,325,32,41,23,43,1
7,0,19,2,904,1,3,3,2,7642,1,13,3,4,80,0,10,2,3,10,0,0,9,3,2,2,1,3,2,1,2,719,71,33,23,33,10
8,0,8,1,1468,4,2,3,2,13757,2,11,3,3,80,1,16,5,3,9,8,4,8,3,1,2,1,8,1,1,1,808,84,83,13,23,19
4,1,8,1,1783,3,3,1,1,2398,1,17,3,3,80,0,1,6,3,1,0,0,0,1,1,2,2,2,3,1,2,408,43,21,23,33,1
9,0,15,2,1217,4,3,5,2,19081,5,11,3,1,80,1,25,2,3,4,2,0,3,1,1,1,1,8,3,1,1,915,94,85,13,33,14
10,0,21,4,120,3,3,2,4,5441,0,22,4,4,80,0,11,2,1,10,7,1,0,1,2,6,1,3,2,1,2,1021,103,32,24,34,10
7,0,22,3,1043,4,3,3,1,10880,1,13,3,3,80,0,21,2,3,21,6,2,8,2,1,2,2,1,2,1,2,722,74,13,23,33,21
7,0,19,2,61,2,3,1,2,3022,4,21,4,1,80,0,8,1,3,1,0,0,0,1,1,1,1,4,3,1,1,719,72,41,14,34,1
8,0,2,4,2048,3,2,1,3,2809,2,14,3,4,80,0,8,2,3,2,2,2,2,1,1,1,1,4,2,1,1,802,83,41,13,23,2
5,0,14,3,1244,1,3,1,1,2235,1,14,3,4,80,2,9,3,2,9,7,6,8,1,1,1,1,4,3,1,2,514,51,41,23,33,29
6,1,2,2,328,1,3,1,1,2707,7,20,4,1,80,0,13,3,4,9,7,1,7,1,1,1,2,2,3,1,1,602,61,21,14,34,9
6,0,26,4,333,3,3,2,4,4465,0,18,3,1,80,0,4,2,3,3,2,2,2,3,2,6,1,3,3,1,1,626,63,32,13,33,3
7,0,9,4,626,1,3,3,2,8834,1,13,3,4,80,1,9,6,3,9,5,7,7,3,2,2,1,3,1,1,1,709,71,33,13,33,19
9,0,2,1,1941,2,3,5,4,19161,3,15,3,4,80,0,28,3,3,5,4,4,3,2,1,1,1,8,3,1,1,902,92,85,13,33,5
7,0,3,4,1060,3,3,1,3,2821,3,16,3,1,80,1,8,2,3,2,2,2,2,2,1,3,1,4,3,1,1,703,73,41,13,33,12
3,1,22,1,167,4,3,1,3,1675,1,19,3,4,80,0,0,2,2,0,0,0,0,1,2,6,1,7,2,1,2,322,34,71,23,33,0
7,0,3,3,1062,4,3,2,2,4107,3,15,3,1,80,0,8,3,2,4,3,0,1,1,1,3,2,5,2,1,1,703,74,52,13,33,4
5,0,4,2,1275,3,3,1,4,2875,1,20,4,2,80,0,8,2,2,8,5,2,2,1,1,1,1,4,2,1,2,504,53,41,24,34,8
6,0,1,4,308,3,1,2,3,4345,0,12,3,4,80,1,6,2,3,5,4,1,4,3,1,2,1,1,3,1,1,601,63,12,13,13,15
6,1,19,3,502,1,4,2,4,5304,8,13,3,2,80,0,9,3,2,5,2,0,4,3,2,6,1,3,2,1,2,619,61,32,23,43,5
5,1,24,2,1868,4,2,1,4,2439,1,24,4,2,80,0,1,3,2,1,0,1,0,2,1,1,1,4,2,1,2,524,54,41,24,24,1
8,0,14,2,843,2,3,4,1,17159,6,24,4,3,80,1,22,3,3,4,1,1,0,1,1,1,1,8,3,1,1,814,82,84,14,34,14
6,1,7,2,1309,4,3,2,3,4883,1,18,3,1,80,1,10,3,3,10,4,1,1,1,1,1,1,2,3,1,1,607,64,22,13,33,20
8,0,2,3,1542,3,2,1,2,4841,4,14,3,2,80,1,4,3,3,1,0,0,0,1,1,2,1,2,3,1,1,802,83,21,13,23,11
6,0,7,3,359,2,4,1,2,2794,1,20,4,3,80,0,5,3,1,5,1,0,3,2,1,1,1,2,3,1,1,607,62,21,14,44,5
5,0,1,3,1264,4,2,4,4,16124,3,14,3,2,80,2,9,2,2,7,7,1,7,1,1,1,2,8,1,1,1,501,54,84,13,23,27
5,0,4,2,1259,1,3,1,3,2517,1,11,3,2,80,3,5,2,3,5,3,0,3,1,1,1,1,4,1,1,1,504,51,41,13,33,35
4,1,10,1,701,4,3,1,3,1009,1,11,3,4,80,0,1,5,3,1,0,1,1,1,1,2,1,4,2,1,2,410,44,41,23,33,1
5,1,17,4,608,2,3,1,3,2741,0,11,3,2,80,1,8,2,2,7,7,1,0,2,3,1,2,6,1,1,2,517,52,61,23,33,17
6,0,2,4,1755,4,4,1,4,2932,0,14,3,1,80,3,6,3,3,5,0,1,2,1,1,2,1,4,3,1,2,602,64,41,23,43,35
5,0,6,4,655,1,2,1,3,2187,0,12,3,3,80,2,6,5,2,5,3,0,3,1,1,2,2,4,1,1,1,506,51,41,13,23,25
10,0,7,4,1118,2,3,3,2,10445,7,19,3,4,80,0,18,4,3,8,6,4,0,1,1,1,1,5,2,1,1,1007,102,53,13,33,8
6,0,1,3,855,1,4,2,1,4037,1,22,4,1,80,1,9,5,3,9,8,0,8,1,2,2,1,3,1,1,1,601,61,32,14,44,19
4,0,17,1,1009,4,2,2,3,4377,1,15,3,2,80,2,5,6,3,4,2,3,2,1,1,2,2,1,1,1,1,417,44,12,13,23,24
10,0,2,3,1215,4,3,4,1,17856,2,22,4,3,80,1,32,3,3,2,2,2,2,2,1,2,2,9,3,1,1,1002,104,94,14,34,12
7,0,10,4,1119,3,2,3,3,8740,0,14,3,2,80,2,9,2,3,8,7,2,7,1,2,6,1,3,1,1,2,710,73,33,23,23,28
7,0,1,2,340,3,2,1,1,3920,2,14,3,1,80,1,17,2,2,3,1,0,2,1,1,2,2,4,3,1,1,701,73,41,13,23,13
5,0,10,3,1836,3,3,2,4,4684,1,13,3,1,80,0,5,4,3,5,3,1,2,1,2,2,1,3,2,1,1,510,53,32,13,33,5
7,0,6,3,97,2,4,1,4,3038,3,12,3,2,80,0,5,3,3,1,0,0,0,1,1,1,2,2,3,1,1,706,72,21,13,43,1
4,0,1,2,1981,2,2,2,3,4617,1,12,3,2,80,0,4,2,2,4,3,1,2,1,1,1,1,5,2,1,1,401,42,52,13,23,4
6,1,20,3,175,2,1,2,3,4559,3,11,3,3,80,1,4,2,3,2,2,2,2,1,2,1,2,3,3,1,2,620,62,32,23,13,12
8,0,9,1,176,3,3,3,3,8189,3,13,3,3,80,1,12,2,3,9,7,0,7,1,2,1,1,3,1,1,2,809,83,33,23,33,19
3,0,1,3,1368,4,3,1,4,1611,1,15,3,3,80,0,0,5,4,0,0,0,0,3,1,1,2,2,2,1,1,301,34,21,13,33,0
5,0,4,1,885,3,2,2,1,4256,1,12,3,1,80,0,5,1,4,5,2,0,3,1,2,6,1,3,3,1,1,504,53,32,13,23,5
6,1,8,3,1433,1,2,1,2,1261,1,12,3,3,80,0,1,3,4,1,0,0,0,1,1,1,2,4,2,1,1,608,61,41,13,23,1
7,0,2,2,361,4,2,2,4,5249,3,18,3,4,80,1,13,0,3,8,7,7,5,3,2,1,1,3,3,1,1,702,74,32,13,23,18
5,0,3,3,1121,4,3,3,2,7655,0,17,3,2,80,3,10,3,2,9,7,1,7,1,1,2,2,1,1,1,1,503,54,13,13,33,39
4,0,3,3,1198,1,2,1,3,3033,1,12,3,1,80,0,2,2,2,2,2,1,2,1,1,1,1,2,2,1,1,403,41,21,13,23,2
9,0,7,4,341,1,4,2,3,6434,4,17,3,4,80,1,9,1,3,3,2,0,2,2,1,1,1,1,3,1,1,907,91,12,13,43,13
8,0,5,3,1814,2,4,2,2,6870,3,12,3,1,80,0,11,3,1,3,2,1,2,1,1,1,1,5,2,1,1,805,82,52,13,43,3
5,0,2,4,54,4,3,1,1,2341,1,13,3,4,80,1,1,6,3,1,0,0,0,1,1,1,2,2,1,1,1,502,54,21,13,33,11
6,0,2,3,39,3,3,1,4,2496,4,11,3,4,80,0,7,3,3,1,1,0,0,1,1,2,1,2,2,1,1,602,63,21,13,33,1
4,0,5,1,1623,3,3,1,4,3117,1,18,3,3,80,0,3,2,3,2,2,2,2,1,1,2,1,4,2,1,1,405,43,41,13,33,2
11,0,23,3,1373,4,3,4,2,13402,4,12,3,1,80,1,33,0,3,19,16,15,9,1,1,1,1,1,3,1,2,1123,114,14,23,33,29
8,0,2,1,763,4,2,1,4,2342,0,20,4,4,80,0,5,2,2,4,2,2,3,1,1,2,2,4,2,1,2,802,84,41,24,24,4
6,0,9,4,493,3,2,1,2,2657,0,16,3,4,80,0,3,5,3,2,2,2,2,1,1,1,1,4,2,1,2,609,63,41,23,23,2
6,0,27,5,747,3,3,2,4,5304,7,23,4,4,80,1,10,2,2,8,7,7,7,1,2,6,1,3,1,1,1,627,63,32,14,34,18
6,0,25,3,1545,4,2,2,2,4320,1,13,3,4,80,0,5,2,3,5,3,0,2,1,1,1,1,1,2,1,1,625,64,12,13,23,5
5,0,23,1,1864,2,2,2,3,3540,1,21,4,4,80,1,9,5,3,9,8,5,8,1,2,2,2,7,3,1,1,523,52,72,14,24,19
8,0,6,2,1550,3,3,4,4,16437,1,21,4,4,80,0,21,2,3,21,7,7,7,1,3,2,1,9,2,1,2,806,83,94,24,34,21
8,0,10,4,731,2,2,5,4,19141,3,15,3,2,80,3,23,2,2,21,6,12,6,1,3,5,1,9,1,1,1,810,82,95,13,23,51
11,0,2,3,1824,2,3,4,2,16291,4,22,4,4,80,1,37,0,2,16,9,14,14,3,2,2,1,9,1,1,1,1102,112,94,14,34,26
7,0,25,2,1161,3,2,2,4,5731,7,13,3,3,80,2,9,2,3,6,2,1,3,1,1,2,2,5,1,1,1,725,73,52,13,23,26
8,0,4,4,215,3,2,3,4,10855,7,11,3,1,80,1,15,2,2,12,11,2,11,1,2,6,1,3,3,1,1,804,83,33,13,23,22
6,0,1,2,1989,4,3,1,2,3748,1,13,3,3,80,0,12,6,2,12,8,1,7,1,1,2,1,2,3,1,1,601,64,21,13,33,12
9,0,5,4,62,1,3,2,4,5772,4,21,4,3,80,0,14,4,3,9,6,0,8,2,2,6,1,3,2,1,2,905,91,32,24,34,9
8,0,2,2,1986,2,3,2,2,5677,3,14,3,3,80,1,15,4,3,11,8,5,10,1,2,6,2,3,3,1,1,802,82,32,13,33,21
5,0,20,1,1852,4,3,1,4,3812,1,13,3,2,80,0,11,3,4,11,8,3,10,2,1,2,1,2,3,1,1,520,54,21,13,33,11
7,0,7,2,444,3,2,5,4,19272,1,15,3,1,80,1,21,2,3,21,9,13,3,2,1,2,1,9,3,1,1,707,73,95,13,23,31
8,0,27,3,1126,3,3,3,1,10820,8,11,3,3,80,1,18,1,3,8,7,0,1,2,1,1,2,1,3,1,1,827,83,13,13,33,18
4,0,15,3,144,2,3,1,4,2871,1,15,3,3,80,0,1,5,3,0,0,0,0,1,1,2,2,2,2,1,1,415,42,21,13,33,0
9,1,9,2,118,3,2,3,4,9619,1,16,3,4,80,0,9,3,3,9,8,4,7,1,2,2,1,3,2,1,1,909,93,33,13,23,9
8,0,28,3,1039,4,4,4,4,13320,3,18,3,3,80,1,23,2,3,12,11,11,11,1,2,2,2,3,3,1,2,828,84,34,23,43,22
9,0,24,4,1049,2,3,1,2,2177,1,16,3,1,80,0,6,3,3,6,3,0,4,1,3,2,1,6,2,1,1,924,92,61,13,33,6
5,1,2,4,440,1,1,1,4,3464,5,13,3,4,80,0,5,4,2,3,2,2,2,1,1,2,1,4,3,1,2,502,51,41,23,13,3
6,0,3,3,680,3,3,1,3,2083,1,20,4,3,80,1,1,2,3,1,0,0,0,2,1,2,2,4,1,1,1,603,63,41,14,34,11
11,0,14,4,254,3,4,5,2,18722,8,11,3,4,80,0,36,3,3,24,15,2,15,1,1,2,1,8,2,1,1,1114,113,85,13,43,24
6,0,1,3,1950,1,3,3,4,9888,1,21,4,1,80,0,14,3,2,14,8,2,1,1,2,6,1,3,2,1,1,601,61,33,14,34,14
6,0,2,4,804,3,2,1,1,4381,1,11,3,3,80,0,6,3,3,6,5,1,3,1,1,2,2,4,2,1,1,602,63,41,13,23,6
10,0,9,3,1591,3,3,5,3,19331,4,16,3,3,80,1,27,2,3,1,0,0,0,1,2,6,1,9,3,1,2,1009,103,95,23,33,11
10,0,24,3,1005,4,3,4,3,13973,3,18,3,4,80,1,22,2,3,12,11,1,5,1,1,1,1,1,3,1,2,1024,104,14,23,33,22
7,0,8,4,1164,3,3,1,3,4323,1,17,3,2,80,0,6,2,1,5,4,1,4,1,3,4,1,6,2,1,1,708,73,61,13,33,5
9,0,2,5,595,2,3,2,4,4051,2,14,3,1,80,1,14,2,3,9,7,6,7,1,2,6,2,3,3,1,1,902,92,32,13,33,19
8,0,12,3,1829,2,3,2,1,4448,2,12,3,2,80,1,15,3,3,7,4,7,7,1,1,1,2,5,1,1,1,812,82,52,13,33,17
5,0,1,2,1083,1,2,1,1,3955,1,16,3,1,80,2,6,2,3,5,3,1,3,1,1,2,1,2,3,1,1,501,51,21,13,23,25
4,1,4,1,593,3,2,1,3,3894,5,16,3,3,80,0,4,3,3,2,2,1,2,2,1,4,1,2,2,1,1,404,43,21,13,23,2
7,0,5,4,51,2,2,1,1,3419,9,14,3,4,80,1,6,3,4,1,1,0,0,1,1,1,2,4,3,1,2,705,72,41,23,23,11
6,0,9,4,679,1,3,2,4,6322,1,12,3,4,80,1,6,2,2,6,4,0,5,1,1,1,2,4,3,1,2,609,61,42,23,33,16
8,0,1,3,1822,3,3,2,4,6513,4,17,3,4,80,1,12,3,3,5,3,0,3,1,1,1,2,5,1,1,1,801,83,52,13,33,15
5,0,29,1,1859,4,1,2,3,6384,8,17,3,4,80,2,11,3,3,7,0,1,6,1,1,1,1,5,1,1,1,529,54,52,13,13,27
10,0,1,3,1422,4,3,4,4,17328,6,19,3,4,80,0,29,3,2,20,7,12,7,1,1,2,2,8,2,1,1,1001,104,84,13,33,20
5,0,2,1,854,1,4,1,1,3424,7,13,3,3,80,0,6,3,2,4,3,0,1,1,1,2,1,4,2,1,1,502,51,41,13,43,4
7,0,10,4,518,3,3,2,2,4197,2,12,3,4,80,0,18,2,2,1,0,0,1,1,1,1,1,1,2,1,2,710,73,12,23,33,1
6,0,2,3,548,3,1,2,4,6091,2,20,4,3,80,0,11,2,3,5,4,0,2,1,1,1,2,1,2,1,1,602,63,12,14,14,5
7,0,3,4,984,4,3,3,4,7823,6,13,3,2,80,1,12,2,3,10,9,0,8,1,2,1,1,3,1,1,1,703,74,33,13,33,20
4,1,7,3,1702,3,3,1,4,2275,1,21,4,2,80,1,3,2,3,3,2,0,2,1,2,1,1,7,1,1,2,407,43,71,24,34,13
11,0,1,2,1048,2,3,3,4,11904,3,14,3,3,80,1,14,1,1,6,4,0,4,1,2,4,1,9,3,1,2,1101,112,93,23,33,16
5,0,7,3,764,4,2,2,1,6811,8,19,3,1,80,0,9,2,1,7,6,0,7,1,1,2,2,5,2,1,1,507,54,52,13,23,7
7,0,10,4,1105,4,2,2,4,6694,2,14,3,3,80,3,8,5,3,1,0,0,0,1,2,1,2,3,1,1,2,710,74,32,23,23,31
5,1,23,1,1165,4,2,3,1,7336,1,13,3,1,80,1,11,3,1,11,8,3,10,1,2,1,2,3,3,1,1,523,54,33,13,23,21
5,0,2,2,388,2,3,2,4,4554,1,18,3,1,80,0,10,3,2,10,7,0,9,2,2,1,1,3,2,1,1,502,52,32,13,33,10
8,0,17,2,347,4,4,2,1,6545,3,13,3,3,80,0,10,1,3,3,2,0,2,1,1,1,2,4,2,1,2,817,84,42,23,43,3
4,1,3,2,720,1,3,2,3,4577,9,14,3,1,80,0,4,3,3,2,2,2,0,1,2,1,2,3,2,1,1,403,41,32,13,33,2
8,0,6,3,957,4,3,1,1,4721,2,13,3,3,80,0,20,3,3,18,13,2,17,1,1,2,1,2,2,1,2,806,84,21,23,33,18
10,0,1,2,997,4,3,4,4,17399,9,22,4,3,80,1,32,1,2,5,4,1,3,1,1,2,1,8,1,1,1,1001,104,84,14,34,15
8,0,8,3,1909,3,3,2,2,4393,5,21,4,3,80,1,14,3,3,5,4,1,4,1,2,6,2,3,3,1,1,808,83,32,14,34,15
8,1,19,3,752,3,4,1,3,2759,6,12,3,4,80,0,7,2,3,2,2,2,2,2,1,2,1,4,1,1,2,819,83,41,23,43,2
4,1,9,3,2023,4,3,1,1,1790,1,19,3,1,80,1,1,3,2,1,0,1,0,2,2,6,1,7,3,1,1,409,44,71,13,33,11
10,0,8,4,738,4,3,1,2,3875,7,15,3,4,80,1,4,2,3,2,2,2,2,1,2,6,1,7,3,1,1,1008,104,71,13,33,12
5,0,19,4,1216,4,2,1,1,3196,1,12,3,3,80,3,6,2,3,6,5,3,3,1,1,2,1,2,3,1,1,519,54,21,13,23,36
4,0,6,1,675,1,3,1,3,2773,0,20,4,4,80,0,3,3,3,2,2,2,2,1,1,2,1,4,3,1,1,406,41,41,14,34,2
8,0,6,3,466,4,2,2,2,6032,6,15,3,4,80,0,8,3,3,5,4,1,2,1,1,2,1,1,2,1,2,806,84,12,23,23,5
6,0,3,1,1103,1,3,2,4,7756,0,17,3,3,80,0,7,1,2,6,2,0,4,2,1,1,1,5,2,1,1,603,61,52,13,33,6
7,0,1,4,1585,2,3,2,3,6815,6,13,3,1,80,0,15,5,3,1,0,0,0,1,2,1,2,3,2,1,1,701,72,32,13,33,1
11,1,7,4,1360,3,2,3,1,10008,7,14,3,4,80,0,31,0,2,10,9,5,9,1,1,2,2,1,3,1,2,1107,113,13,23,23,10
6,0,10,3,1516,3,3,3,4,11244,2,25,4,2,80,0,10,5,4,5,2,0,0,1,1,2,1,9,2,1,1,610,63,93,14,34,5
8,0,2,1,1375,2,4,2,3,6377,5,20,4,2,80,3,15,0,3,12,11,11,8,1,1,2,2,5,1,1,1,802,82,52,14,44,42
9,0,5,5,1611,3,1,2,1,5769,1,14,3,1,80,0,10,3,3,10,7,1,4,1,1,2,2,2,2,1,2,905,93,22,23,13,10
5,1,2,4,828,3,3,1,3,4382,6,17,3,4,80,0,5,3,2,2,2,2,1,1,1,2,1,4,2,1,1,502,53,41,13,33,2
5,0,5,3,1669,1,2,2,2,4187,1,13,3,2,80,1,10,3,2,10,0,0,9,1,2,2,1,3,1,1,2,505,51,32,23,23,20
6,1,29,2,355,3,2,1,2,3479,0,11,3,2,80,0,6,2,4,5,4,1,4,2,1,2,1,2,2,1,1,629,63,21,13,23,5
3,1,2,2,566,1,2,1,4,2564,1,12,3,3,80,0,1,3,4,1,0,0,0,1,3,4,1,6,2,1,1,302,31,61,13,23,1
9,0,7,3,86,2,3,3,1,9724,2,17,3,3,80,1,25,2,3,1,0,0,0,1,1,1,1,4,1,1,1,907,92,43,13,33,11
7,0,12,4,1614,3,3,2,3,4663,9,12,3,2,80,2,7,2,3,3,2,1,1,1,1,1,2,1,3,1,2,712,73,12,23,33,23
7,0,6,3,373,4,3,1,4,3210,0,11,3,3,80,1,16,4,3,15,13,10,11,1,1,1,1,2,3,1,1,706,74,21,13,33,25
7,0,18,1,286,2,3,1,4,2153,1,13,3,1,80,0,8,2,3,8,1,1,7,2,1,2,2,2,2,1,1,718,72,21,13,33,8
8,0,26,3,202,2,3,2,2,5605,1,11,3,1,80,1,20,2,3,20,7,2,13,2,1,2,2,4,1,1,1,826,82,42,13,33,30
10,0,3,3,258,4,3,4,2,13734,3,18,3,3,80,0,21,6,3,7,7,1,0,1,1,2,2,5,2,1,1,1003,104,54,13,33,7
6,0,1,2,73,1,3,3,4,13458,1,12,3,3,80,0,15,1,3,15,14,8,12,2,1,1,2,8,2,1,2,601,61,83,23,33,15
6,1,9,4,1157,1,3,2,1,8224,0,17,3,1,80,0,6,3,3,5,2,0,3,1,2,6,2,3,2,1,2,609,61,32,23,33,5
7,1,2,3,1569,1,3,1,1,2074,1,12,3,4,80,1,1,2,3,1,0,0,0,1,1,1,2,2,1,1,2,702,71,21,23,33,11
6,0,23,3,159,1,1,1,3,2613,1,25,4,3,80,3,10,2,2,10,7,0,9,2,1,1,1,4,1,1,1,623,61,41,14,14,40
10,0,22,5,1665,2,3,4,3,17426,3,25,4,3,80,1,36,6,3,10,8,4,7,1,1,2,2,9,3,1,1,1022,102,94,14,34,20
7,0,23,2,2061,3,4,2,4,2571,4,17,3,3,80,1,17,3,3,5,2,0,3,2,1,2,1,2,3,1,1,723,73,22,13,43,15
4,0,23,3,639,2,4,1,4,2725,1,11,3,2,80,2,6,3,3,6,5,1,4,1,1,2,1,4,3,1,2,423,42,41,23,43,26
7,0,2,2,139,3,2,2,4,5163,5,14,3,4,80,1,17,2,4,1,0,0,0,3,1,1,1,5,1,1,1,702,73,52,13,23,11
8,0,16,4,832,1,2,2,3,5094,6,14,3,4,80,0,10,6,3,1,0,0,0,2,1,2,1,2,2,1,1,816,81,22,13,23,1
8,0,23,2,1976,4,2,2,3,4332,1,12,3,4,80,0,20,2,3,20,9,3,7,3,1,1,1,4,2,1,1,823,84,42,13,23,20
6,0,24,1,11,4,3,1,3,2693,1,22,4,2,80,1,1,2,3,1,0,0,0,1,1,1,1,2,1,1,1,624,64,21,14,34,11
6,0,2,4,1745,4,2,1,1,4968,0,16,3,4,80,0,10,2,3,9,7,0,7,2,1,4,2,4,2,1,1,602,64,41,13,23,9
11,0,20,2,389,2,3,2,4,5415,3,19,3,4,80,1,12,4,3,10,7,0,8,1,1,4,1,2,3,1,2,1120,112,22,23,33,20
11,0,6,2,321,2,3,1,3,2267,8,17,3,4,80,0,7,2,2,2,2,2,2,1,3,2,1,6,3,1,1,1106,112,61,13,33,2
8,0,28,4,551,4,2,2,4,4523,0,11,3,4,80,3,7,4,4,6,5,0,4,2,1,4,2,5,3,1,1,828,84,52,13,23,36
6,0,10,3,722,4,3,2,4,5396,1,12,3,4,80,0,10,2,2,10,7,0,8,1,2,6,1,3,2,1,1,610,64,32,13,33,10
7,0,4,3,1633,1,3,2,3,5042,0,13,3,4,80,0,10,2,1,9,2,3,8,2,1,2,2,1,2,1,1,704,71,12,13,33,9
8,0,2,2,352,1,3,5,3,19436,0,19,3,4,80,1,22,5,3,21,7,3,9,1,1,2,1,8,1,1,1,802,81,85,13,33,31
8,0,1,4,119,3,2,4,2,13503,1,22,4,4,80,1,22,3,2,22,3,11,11,2,1,1,1,5,3,1,1,801,83,54,14,24,32
6,0,1,3,882,4,3,1,4,2314,0,12,3,2,80,1,4,2,3,3,0,0,2,3,1,1,1,2,1,1,1,601,64,21,13,33,13
9,0,13,4,1727,3,3,2,2,5562,6,14,3,4,80,0,19,3,3,10,7,0,9,1,1,1,1,5,2,1,1,913,93,52,13,33,10
7,0,2,3,269,2,3,2,2,4425,5,11,3,4,80,0,10,5,3,6,2,1,2,2,1,2,2,2,2,1,1,702,72,22,13,33,6
7,1,12,4,1667,4,3,2,4,4581,3,24,4,1,80,0,13,2,4,11,9,6,7,2,2,3,1,3,2,1,2,712,74,32,24,34,11
6,0,1,4,939,3,2,1,1,2799,3,11,3,2,80,0,6,1,3,3,2,0,2,1,1,3,1,4,2,1,2,601,63,41,23,23,3
10,0,3,3,1250,4,3,4,4,17779,3,14,3,1,80,0,36,2,3,10,9,0,9,1,1,1,1,8,3,1,1,1003,104,84,13,33,10
5,0,1,4,710,2,1,1,4,2720,1,18,3,4,80,1,10,5,3,10,7,2,8,2,1,1,1,4,1,1,1,501,52,41,13,13,20
8,0,19,2,281,3,3,2,4,2741,8,15,3,3,80,1,15,2,4,7,2,3,7,1,1,2,1,2,3,1,2,819,83,22,23,33,17
6,0,5,4,428,4,3,3,2,11878,6,11,3,2,80,2,12,2,3,10,6,8,8,2,1,1,2,9,3,1,1,605,64,93,13,33,30
8,0,10,3,199,4,2,4,1,17181,4,13,3,2,80,1,21,2,2,7,6,7,7,2,1,1,1,9,1,1,1,810,84,94,13,23,17
8,0,1,5,1642,1,3,2,4,5743,4,11,3,3,80,0,14,3,3,10,7,0,2,2,3,5,1,6,3,1,2,801,81,62,23,33,10
12,0,7,3,549,1,3,5,1,19566,5,11,3,4,80,0,33,5,1,29,8,11,10,1,1,1,2,9,3,1,1,1207,121,95,13,33,29
8,0,10,4,430,3,3,1,4,2455,0,19,3,1,80,0,9,5,3,8,7,1,7,2,1,1,2,2,2,1,1,810,83,21,13,33,8
6,0,2,2,1235,4,3,2,3,4998,4,14,3,4,80,0,10,2,3,8,7,0,7,2,1,1,2,4,2,1,2,602,64,42,23,33,8
8,0,27,3,1599,4,4,1,2,4876,5,12,3,3,80,1,8,0,3,6,4,0,2,1,1,4,1,2,1,1,1,827,84,21,13,43,16
5,1,13,2,1933,4,3,2,3,9854,3,11,3,4,80,0,6,0,3,2,0,2,2,1,2,6,2,3,2,1,2,513,54,32,23,33,2
5,0,2,4,1027,1,3,2,4,4227,0,18,3,2,80,1,4,2,3,3,2,2,2,1,1,1,2,1,3,1,1,502,51,12,13,33,13
6,0,2,3,786,4,3,2,4,6274,1,22,4,3,80,0,6,5,3,6,5,1,4,1,2,3,1,3,2,1,1,602,64,32,14,34,6
9,1,11,3,840,3,3,3,4,7654,1,18,3,1,80,2,9,3,4,9,8,7,7,1,2,6,2,3,3,1,1,911,93,33,13,33,29
10,0,7,2,80,2,2,5,3,18740,5,12,3,4,80,1,29,2,2,27,3,13,8,1,1,2,2,8,1,1,2,1007,102,85,23,23,37
7,0,23,4,1826,2,1,1,3,2705,0,16,3,2,80,1,6,2,4,5,4,0,3,1,1,2,1,2,3,1,1,723,72,21,13,13,15
9,0,18,4,638,4,2,5,3,19502,1,17,3,3,80,1,31,5,3,31,9,0,9,1,1,1,1,8,1,1,2,918,94,85,23,23,41
6,0,6,4,653,1,4,2,4,5460,4,22,4,4,80,2,13,4,4,7,7,5,7,1,2,2,1,3,1,1,1,606,61,32,14,44,27
8,0,2,2,1802,3,3,1,1,3377,4,17,3,4,80,1,7,5,2,4,3,0,2,1,1,1,2,2,3,1,1,802,83,21,13,33,14
4,0,18,1,150,2,3,1,3,2774,0,12,3,3,80,1,6,2,3,5,3,1,2,1,1,1,1,2,3,1,1,418,42,21,13,33,15
6,0,2,3,2038,4,3,1,1,2439,1,14,3,4,80,0,4,4,3,4,2,1,2,1,1,4,1,4,2,1,1,602,64,41,13,33,4
6,0,8,4,1560,1,3,2,1,6392,2,13,3,4,80,1,8,6,1,2,2,2,2,1,2,1,1,3,3,1,1,608,61,32,13,33,12
12,0,7,4,1233,2,4,2,4,5220,0,18,3,2,80,1,12,3,3,11,7,1,9,1,2,6,1,3,1,1,2,1207,122,32,23,43,21
7,0,25,5,529,2,3,2,3,4449,3,15,3,1,80,2,15,2,3,13,11,10,7,3,1,2,2,4,3,1,2,725,72,42,23,33,33
8,0,2,4,659,3,3,2,4,4089,1,13,3,2,80,2,10,4,3,10,2,2,2,1,1,1,2,5,3,1,1,802,83,52,13,33,30
5,0,2,1,7,1,3,1,2,3468,9,12,3,4,80,1,6,3,3,2,2,2,2,1,1,2,1,2,3,1,1,502,51,21,13,33,12
7,0,16,3,1583,2,3,2,2,4198,2,12,3,2,80,0,8,5,4,3,2,1,2,1,2,1,2,3,2,1,1,716,72,32,13,33,3
11,0,3,3,309,3,2,1,4,2177,3,17,3,1,80,1,7,6,3,1,0,0,0,1,1,1,1,4,3,1,1,1103,113,41,13,23,11
8,0,7,4,1740,2,3,5,2,19833,1,14,3,2,80,0,21,3,2,21,8,12,8,1,2,2,1,9,2,1,1,807,82,95,13,33,21
10,0,1,3,1040,4,3,2,3,6347,0,12,3,1,80,1,19,3,3,18,7,0,13,3,2,1,2,3,3,1,1,1001,104,32,13,33,28
7,0,18,3,975,3,3,2,3,4601,1,16,3,2,80,0,5,3,3,5,2,1,0,1,2,2,2,3,3,1,1,718,73,32,13,33,5
9,1,27,2,785,2,4,2,3,6397,4,12,3,4,80,0,8,2,3,5,4,1,3,2,2,1,2,3,2,1,2,927,92,32,23,43,5
6,1,3,3,1537,4,3,1,3,4084,1,12,3,1,80,0,7,2,1,7,2,7,7,2,1,1,2,4,2,1,1,603,64,41,13,33,7
5,0,27,3,793,2,3,2,3,4335,4,12,3,1,80,1,11,3,2,8,7,1,1,1,1,2,2,5,3,1,1,527,52,52,13,33,18
6,0,5,4,1607,2,4,1,4,3312,3,17,3,4,80,2,6,3,3,3,2,0,2,1,1,3,2,4,3,1,1,605,62,41,13,43,23
12,0,16,4,732,1,3,2,1,5405,8,14,3,4,80,0,10,1,3,2,2,2,2,1,2,6,1,3,2,1,1,1216,121,32,13,33,2
5,1,24,2,1082,2,2,3,1,8722,1,12,3,1,80,0,10,2,2,10,7,1,9,3,1,4,1,5,2,1,1,524,52,53,13,23,10
11,0,11,5,1935,4,2,2,1,5380,4,16,3,3,80,1,6,3,3,0,0,0,0,1,2,6,2,3,3,1,1,1111,114,32,13,23,10
9,0,7,3,425,1,3,3,1,5210,1,18,3,1,80,1,24,2,3,24,9,9,11,2,1,1,1,2,1,1,1,907,91,23,13,33,34
5,1,25,3,55,1,1,1,3,2293,1,12,3,3,80,0,1,2,2,1,0,0,1,1,1,1,1,2,2,1,1,525,51,21,13,13,1
8,0,5,5,1448,2,4,1,3,2127,2,12,3,1,80,0,7,5,2,4,2,0,3,1,1,2,1,4,3,1,2,805,82,41,23,43,4
5,0,28,4,2054,4,2,1,1,3785,1,14,3,2,80,0,5,3,1,5,4,0,4,1,1,2,2,4,2,1,1,528,54,41,13,23,5
6,0,19,3,1701,2,2,1,4,2929,1,12,3,2,80,0,10,3,3,10,9,8,7,1,1,1,2,4,3,1,1,619,62,41,13,23,10
9,0,1,2,244,2,3,3,1,10453,1,25,4,3,80,3,24,2,3,24,13,15,7,1,2,6,2,3,1,1,1,901,92,33,14,34,54
8,0,2,3,1474,3,3,1,3,2345,2,14,3,3,80,1,8,3,4,3,1,1,2,1,1,2,1,4,1,1,1,802,83,41,13,33,13
6,0,7,3,1477,4,3,2,1,4373,0,14,3,1,80,2,5,2,3,4,3,0,3,2,2,2,1,3,3,1,1,607,64,32,13,33,24
4,0,26,1,465,3,3,1,4,2904,1,12,3,3,80,2,4,2,2,4,2,0,2,1,1,1,1,4,1,1,1,426,43,41,13,33,24
6,0,21,3,1698,2,4,1,2,2028,1,18,3,4,80,3,14,6,3,14,11,2,13,1,1,2,1,2,3,1,1,621,62,21,13,43,44
6,0,1,3,1184,4,2,2,1,5343,0,20,4,3,80,0,14,3,3,13,9,4,9,2,1,2,1,5,2,1,1,601,64,52,14,24,13
8,0,9,4,964,4,3,1,2,3617,8,14,3,4,80,1,3,2,3,1,1,0,0,2,1,2,1,4,1,1,2,809,84,41,23,33,11
5,1,3,3,538,1,3,1,1,4031,5,13,3,3,80,1,6,5,3,2,2,0,2,1,1,2,1,2,3,1,1,503,51,21,13,33,12
7,0,17,2,1908,3,2,2,2,5507,2,16,3,3,80,2,12,1,1,4,2,1,3,1,2,6,1,3,3,1,1,717,73,32,13,23,24
5,0,7,1,143,4,2,1,4,2889,1,11,3,3,80,2,2,2,3,2,2,2,1,1,1,2,1,4,3,1,1,507,54,41,13,23,22
9,1,28,2,1420,1,2,2,1,4284,3,20,4,1,80,0,20,2,3,4,3,1,3,2,1,1,1,2,2,1,1,928,91,22,14,24,4
7,0,7,3,1659,1,3,1,2,2013,2,11,3,3,80,0,15,4,3,4,3,1,3,1,1,1,1,2,2,1,1,707,71,21,13,33,4
7,0,14,3,1582,3,3,2,2,9924,0,11,3,4,80,1,10,3,3,9,8,7,7,1,2,1,1,3,3,1,1,714,73,32,13,33,19
5,1,29,2,1037,2,1,2,1,4969,8,18,3,4,80,0,7,6,3,2,2,2,2,3,2,2,1,3,2,1,1,529,52,32,13,13,2
7,0,19,3,1631,3,3,2,3,5768,3,17,3,1,80,3,9,2,2,4,3,0,2,1,1,1,1,1,3,1,1,719,73,12,13,33,34
8,0,9,2,1480,1,3,1,4,3673,1,13,3,3,80,0,12,3,3,12,9,5,8,2,1,2,2,2,2,1,1,809,81,21,13,33,12
7,0,10,1,802,4,3,1,1,2782,0,13,3,2,80,2,6,3,2,5,3,4,3,1,1,1,2,4,1,1,2,710,74,41,23,33,25
6,1,8,3,1747,3,2,1,4,2180,6,11,3,3,80,1,6,0,2,4,2,1,2,2,3,5,2,6,1,1,1,608,63,61,13,23,14
6,0,5,4,1966,4,2,2,4,9679,8,24,4,2,80,0,8,1,3,1,0,0,0,1,1,1,1,1,2,1,1,605,64,12,14,24,1
4,0,1,2,1270,4,3,1,3,1223,1,22,4,4,80,1,1,2,3,1,0,0,1,1,1,1,1,4,3,1,1,401,44,41,14,34,11
6,0,5,4,423,3,3,1,4,4821,0,12,3,3,80,1,6,4,3,5,2,0,3,1,1,4,1,4,3,1,2,605,63,41,23,33,15
8,0,2,3,351,4,2,1,1,2593,0,11,3,3,80,1,10,4,3,9,6,7,8,1,1,2,2,2,1,1,2,802,84,21,23,23,19
8,0,8,2,1552,4,3,2,4,4069,3,18,3,3,80,0,8,2,3,2,2,2,2,3,1,1,1,5,1,1,2,808,84,52,23,33,2
8,0,2,1,1246,1,4,1,4,2011,1,13,3,4,80,1,10,5,3,10,5,7,7,1,1,1,2,4,3,1,1,802,81,41,13,43,20
9,0,2,3,2065,4,2,2,2,5390,2,14,3,4,80,0,17,3,2,9,6,0,8,2,2,2,1,3,3,1,1,902,94,32,13,23,9
5,0,20,2,349,4,3,2,4,6931,2,14,3,4,80,1,10,2,3,3,2,0,2,1,2,6,1,3,1,1,1,520,54,32,13,33,13
7,0,22,3,381,2,4,3,2,11996,7,18,3,2,80,1,10,6,2,7,7,6,2,1,1,1,2,9,1,1,1,722,72,93,13,43,17
5,0,23,3,560,1,3,1,4,2886,1,22,4,2,80,2,3,3,1,3,2,0,2,1,1,1,2,4,1,1,1,523,51,41,14,34,23
5,0,1,3,1753,4,4,2,3,6294,8,12,3,4,80,0,10,5,4,3,2,0,2,2,1,1,1,5,2,1,2,501,54,52,23,43,3
6,0,17,4,1321,2,3,3,1,11916,1,23,4,4,80,2,9,2,3,9,1,0,8,1,1,2,2,9,3,1,2,617,62,93,24,34,29
6,0,2,3,424,1,2,2,1,6410,3,12,3,4,80,0,9,1,3,2,2,1,0,1,3,5,1,6,3,1,1,602,61,62,13,23,2
6,0,3,2,910,4,3,1,2,2277,3,11,3,3,80,1,7,4,4,4,3,0,3,1,3,5,1,6,1,1,2,603,64,61,23,33,14
8,0,23,5,468,1,3,4,4,15992,2,14,3,2,80,0,16,2,3,1,0,0,0,1,1,1,2,8,2,1,1,823,81,84,13,33,1
7,0,18,2,1412,3,3,3,4,9362,2,11,3,3,80,0,10,2,3,2,2,2,2,2,1,1,1,1,2,1,1,718,73,13,13,33,2
7,1,2,3,1573,3,3,2,2,4855,4,11,3,1,80,2,7,2,3,5,2,1,4,1,1,2,1,1,3,1,1,702,73,12,13,33,25
10,0,20,5,1606,2,3,4,3,11245,2,15,3,3,80,1,32,3,3,30,8,12,13,2,1,2,1,5,3,1,2,1020,102,54,23,33,40
7,0,23,4,75,3,3,1,1,4014,3,15,3,3,80,1,4,3,3,2,2,2,2,1,1,2,2,2,3,1,2,723,73,21,23,33,12
7,0,2,4,1835,2,1,2,4,5405,2,20,4,1,80,2,20,4,2,4,2,0,3,1,2,6,2,7,3,1,2,702,72,72,24,14,24
7,0,16,4,868,4,2,2,3,6334,4,19,3,4,80,2,9,2,3,1,0,0,0,1,2,6,1,3,1,1,1,716,74,32,13,23,21
4,1,7,1,1878,4,3,1,2,2472,1,23,4,1,80,0,1,2,3,1,0,0,0,1,1,1,1,4,2,1,2,407,44,41,24,34,1
5,1,2,3,1053,1,3,1,1,2042,6,14,3,2,80,1,6,2,3,3,2,1,2,2,1,1,1,4,3,1,2,502,51,41,23,33,13
